# OBJ generated by ONSHAPE BY PTC INC, 1.214 Units = meters
mtllib Body.mtl
g Part 1
v -0.399762 -0.0138065 0 
v -0.4 0 0 
v -0.4 0 0.25 
v -0.399047 -0.0275965 0 
v -0.399762 -0.0138065 0.25 
v -0.397857 -0.0413536 0 
v -0.399047 -0.0275965 0.25 
v -0.396192 -0.0550614 0 
v -0.397857 -0.0413536 0.25 
v -0.394056 -0.0687036 0 
v -0.396192 -0.0550614 0.25 
v -0.391449 -0.082264 0 
v -0.394056 -0.0687036 0.25 
v -0.388377 -0.0957263 0 
v -0.391449 -0.082264 0.25 
v -0.384841 -0.109074 0 
v -0.388377 -0.0957263 0.25 
v -0.380847 -0.122293 0 
v -0.384841 -0.109074 0.25 
v -0.376399 -0.135365 0 
v -0.380847 -0.122293 0.25 
v -0.371502 -0.148276 0 
v -0.376399 -0.135365 0.25 
v -0.366163 -0.161011 0 
v -0.371502 -0.148276 0.25 
v -0.360388 -0.173553 0 
v -0.366163 -0.161011 0.25 
v -0.354182 -0.185889 0 
v -0.360388 -0.173553 0.25 
v -0.347555 -0.198004 0 
v -0.354182 -0.185889 0.25 
v -0.340514 -0.209882 0 
v -0.347555 -0.198004 0.25 
v -0.333067 -0.22151 0 
v -0.340514 -0.209882 0.25 
v -0.325222 -0.232874 0 
v -0.333067 -0.22151 0.25 
v -0.316991 -0.243961 0 
v -0.325222 -0.232874 0.25 
v -0.308381 -0.254757 0 
v -0.316991 -0.243961 0.25 
v -0.299404 -0.265249 0 
v -0.308381 -0.254757 0.25 
v -0.290071 -0.275425 0 
v -0.299404 -0.265249 0.25 
v -0.280391 -0.285273 0 
v -0.290071 -0.275425 0.25 
v -0.270377 -0.294781 0 
v -0.280391 -0.285273 0.25 
v -0.260042 -0.303938 0 
v -0.270377 -0.294781 0.25 
v -0.249396 -0.312733 0 
v -0.260042 -0.303938 0.25 
v -0.238453 -0.321154 0 
v -0.249396 -0.312733 0.25 
v -0.227226 -0.329194 0 
v -0.238453 -0.321154 0.25 
v -0.215728 -0.33684 0 
v -0.227226 -0.329194 0.25 
v -0.203973 -0.344086 0 
v -0.215728 -0.33684 0.25 
v -0.191975 -0.350921 0 
v -0.203973 -0.344086 0.25 
v -0.179748 -0.357338 0 
v -0.191975 -0.350921 0.25 
v -0.167307 -0.36333 0 
v -0.179748 -0.357338 0.25 
v -0.154667 -0.368888 0 
v -0.167307 -0.36333 0.25 
v -0.141842 -0.374006 0 
v -0.154667 -0.368888 0.25 
v -0.128848 -0.378679 0 
v -0.141842 -0.374006 0.25 
v -0.115701 -0.382901 0 
v -0.128848 -0.378679 0.25 
v -0.102416 -0.386667 0 
v -0.115701 -0.382901 0.25 
v -0.0890084 -0.389971 0 
v -0.102416 -0.386667 0.25 
v -0.075495 -0.392811 0 
v -0.0890084 -0.389971 0.25 
v -0.0618917 -0.395183 0 
v -0.075495 -0.392811 0.25 
v -0.0482147 -0.397084 0 
v -0.0618917 -0.395183 0.25 
v -0.0344802 -0.398511 0 
v -0.0482147 -0.397084 0.25 
v -0.0207045 -0.399464 0 
v -0.0344802 -0.398511 0.25 
v -0.00690426 -0.39994 0 
v -0.0207045 -0.399464 0.25 
v 0.00690426 -0.39994 0 
v -0.00690426 -0.39994 0.25 
v 0.0207045 -0.399464 0 
v 0.00690426 -0.39994 0.25 
v 0.0344802 -0.398511 0 
v 0.0207045 -0.399464 0.25 
v 0.0482147 -0.397084 0 
v 0.0344802 -0.398511 0.25 
v 0.0618917 -0.395183 0 
v 0.0482147 -0.397084 0.25 
v 0.075495 -0.392811 0 
v 0.0618917 -0.395183 0.25 
v 0.0890084 -0.389971 0 
v 0.075495 -0.392811 0.25 
v 0.102416 -0.386667 0 
v 0.0890084 -0.389971 0.25 
v 0.115701 -0.382901 0 
v 0.102416 -0.386667 0.25 
v 0.128848 -0.378679 0 
v 0.115701 -0.382901 0.25 
v 0.141842 -0.374006 0 
v 0.128848 -0.378679 0.25 
v 0.154667 -0.368888 0 
v 0.141842 -0.374006 0.25 
v 0.167307 -0.36333 0 
v 0.154667 -0.368888 0.25 
v 0.179748 -0.357338 0 
v 0.167307 -0.36333 0.25 
v 0.191975 -0.350921 0 
v 0.179748 -0.357338 0.25 
v 0.203973 -0.344086 0 
v 0.191975 -0.350921 0.25 
v 0.215728 -0.33684 0 
v 0.203973 -0.344086 0.25 
v 0.227226 -0.329194 0 
v 0.215728 -0.33684 0.25 
v 0.238453 -0.321154 0 
v 0.227226 -0.329194 0.25 
v 0.249396 -0.312733 0 
v 0.238453 -0.321154 0.25 
v 0.260042 -0.303938 0 
v 0.249396 -0.312733 0.25 
v 0.270377 -0.294781 0 
v 0.260042 -0.303938 0.25 
v 0.280391 -0.285273 0 
v 0.270377 -0.294781 0.25 
v 0.290071 -0.275425 0 
v 0.280391 -0.285273 0.25 
v 0.299404 -0.265249 0 
v 0.290071 -0.275425 0.25 
v 0.308381 -0.254757 0 
v 0.299404 -0.265249 0.25 
v 0.316991 -0.243961 0 
v 0.308381 -0.254757 0.25 
v 0.325222 -0.232874 0 
v 0.316991 -0.243961 0.25 
v 0.333067 -0.22151 0 
v 0.325222 -0.232874 0.25 
v 0.340514 -0.209882 0 
v 0.333067 -0.22151 0.25 
v 0.347555 -0.198004 0 
v 0.340514 -0.209882 0.25 
v 0.354182 -0.185889 0 
v 0.347555 -0.198004 0.25 
v 0.360388 -0.173553 0 
v 0.354182 -0.185889 0.25 
v 0.366163 -0.161011 0 
v 0.360388 -0.173553 0.25 
v 0.371502 -0.148276 0 
v 0.366163 -0.161011 0.25 
v 0.376399 -0.135365 0 
v 0.371502 -0.148276 0.25 
v 0.380847 -0.122293 0 
v 0.376399 -0.135365 0.25 
v 0.384841 -0.109074 0 
v 0.380847 -0.122293 0.25 
v 0.388377 -0.0957263 0 
v 0.384841 -0.109074 0.25 
v 0.391449 -0.082264 0 
v 0.388377 -0.0957263 0.25 
v 0.394056 -0.0687036 0 
v 0.391449 -0.082264 0.25 
v 0.396192 -0.0550614 0 
v 0.394056 -0.0687036 0.25 
v 0.397857 -0.0413536 0 
v 0.396192 -0.0550614 0.25 
v 0.399047 -0.0275965 0 
v 0.397857 -0.0413536 0.25 
v 0.399762 -0.0138065 0 
v 0.399047 -0.0275965 0.25 
v 0.4 0 0 
v 0.399762 -0.0138065 0.25 
v 0.4 0 0.25 
v -0.4 0.225 0 
v -0.4 0.225 0.25 
v 0.4 0.225 0.25 
v 0.4 0.225 0 
v 0.425 0.25 0 
v 0.423958 0.249991 0 
v 0.423958 0.249987 0.25 
v 0.42226 0.249959 0 
v 0.42226 0.249964 0.25 
v 0.422332 0.249968 0.25 
v 0.422699 0.249979 0 
v 0.420935 0.249892 0 
v 0.420935 0.249894 0.25 
v 0.420944 0.249895 0.25 
v 0.4211 0.249906 0 
v 0.419926 0.249805 0 
v 0.419744 0.249785 0.25 
v 0.419728 0.249784 0.25 
v 0.419744 0.249782 0 
v 0.418779 0.249661 0 
v 0.418644 0.249641 0.25 
v 0.418644 0.249641 0.25 
v 0.418645 0.249639 0 
v 0.417696 0.249481 0 
v 0.417603 0.249463 0.25 
v 0.416495 0.249223 0 
v 0.416495 0.249226 0.25 
v 0.416515 0.249231 0.25 
v 0.417598 0.249462 0.25 
v 0.417603 0.249461 0 
v 0.416692 0.249272 0 
v 0.41544 0.248948 0 
v 0.415439 0.248951 0.25 
v 0.415479 0.248964 0.25 
v 0.415705 0.249026 0 
v 0.41443 0.248639 0 
v 0.414429 0.248642 0.25 
v 0.414486 0.248662 0.25 
v 0.414739 0.248743 0 
v 0.413463 0.248297 0 
v 0.413462 0.248299 0.25 
v 0.413526 0.248325 0.25 
v 0.413809 0.248429 0 
v 0.412539 0.247925 0 
v 0.412538 0.247927 0.25 
v 0.412655 0.247979 0.25 
v 0.412919 0.248088 0 
v 0.41166 0.247526 0 
v 0.411659 0.24753 0.25 
v 0.411765 0.247583 0.25 
v 0.412096 0.247734 0 
v 0.410828 0.247106 0 
v 0.410826 0.24711 0.25 
v 0.410935 0.24717 0.25 
v 0.411285 0.247347 0 
v 0.410519 0.246943 0 
v 0.410041 0.24667 0.25 
v 0.410159 0.246742 0.25 
v 0.409794 0.246521 0 
v 0.409303 0.246213 0.25 
v 0.409432 0.246299 0.25 
v 0.410043 0.246666 0 
v 0.409105 0.246082 0 
v 0.40861 0.245741 0.25 
v 0.408747 0.245841 0.25 
v 0.409305 0.246209 0 
v 0.408465 0.245637 0 
v 0.407961 0.245257 0.25 
v 0.408099 0.245367 0.25 
v 0.408612 0.245739 0 
v 0.407486 0.244878 0.25 
v 0.407961 0.245256 0 
v 0.407851 0.245172 0 
v 0.407351 0.24476 0.25 
v 0.406904 0.244372 0.25 
v 0.407351 0.24476 0 
v 0.407262 0.244687 0 
v 0.406776 0.244251 0.25 
v 0.406349 0.243847 0.25 
v 0.406776 0.244251 0 
v 0.406697 0.244181 0 
v 0.406252 0.243748 0.25 
v 0.406153 0.243651 0 
v 0.405734 0.243207 0.25 
v 0.405819 0.243303 0.25 
v 0.406252 0.243748 0 
v 0.405628 0.243096 0 
v 0.405237 0.242645 0.25 
v 0.405313 0.242738 0.25 
v 0.405733 0.243207 0 
v 0.405122 0.242514 0 
v 0.404758 0.242057 0.25 
v 0.404828 0.242149 0.25 
v 0.405236 0.242645 0 
v 0.404633 0.241901 0 
v 0.404296 0.241438 0.25 
v 0.404363 0.241535 0.25 
v 0.404758 0.242057 0 
v 0.404159 0.241253 0 
v 0.403848 0.240785 0.25 
v 0.403918 0.240895 0.25 
v 0.404295 0.241439 0 
v 0.403701 0.240568 0 
v 0.403415 0.240096 0.25 
v 0.403479 0.240206 0.25 
v 0.403847 0.240786 0 
v 0.403258 0.239841 0 
v 0.402998 0.239368 0.25 
v 0.403057 0.239481 0.25 
v 0.403414 0.240097 0 
v 0.40283 0.239065 0 
v 0.402598 0.238599 0.25 
v 0.402653 0.238715 0.25 
v 0.402997 0.239368 0 
v 0.402218 0.237789 0 
v 0.402217 0.23779 0.25 
v 0.402266 0.237904 0.25 
v 0.402598 0.238599 0 
v 0.402417 0.238235 0 
v 0.401859 0.236938 0 
v 0.401857 0.236939 0.25 
v 0.401912 0.237081 0.25 
v 0.402021 0.237345 0 
v 0.401526 0.236048 0 
v 0.401523 0.236049 0.25 
v 0.401571 0.236191 0.25 
v 0.401675 0.236474 0 
v 0.401219 0.235121 0 
v 0.401216 0.235122 0.25 
v 0.401257 0.235261 0.25 
v 0.401338 0.235514 0 
v 0.400943 0.234159 0 
v 0.40094 0.23416 0.25 
v 0.400974 0.234295 0.25 
v 0.401036 0.234521 0 
v 0.400701 0.233165 0 
v 0.400698 0.233165 0.25 
v 0.400728 0.233308 0.25 
v 0.400769 0.233485 0 
v 0.400493 0.232139 0 
v 0.400492 0.232139 0.25 
v 0.400519 0.232304 0.25 
v 0.400538 0.232402 0 
v 0.400322 0.231078 0 
v 0.400321 0.231078 0.25 
v 0.400339 0.231221 0.25 
v 0.400359 0.231356 0 
v 0.400189 0.229971 0 
v 0.400186 0.229971 0.25 
v 0.400195 0.230074 0.25 
v 0.400216 0.230272 0 
v 0.400092 0.228796 0 
v 0.400089 0.228796 0.25 
v 0.400094 0.2289 0.25 
v 0.400105 0.229056 0 
v 0.400027 0.227207 0 
v 0.40002 0.227207 0.25 
v 0.400021 0.227301 0.25 
v 0.400032 0.227668 0 
v 0.425 0.25 0.25 
v 0.426042 0.249991 0.25 
v 0.426042 0.249987 0 
v 0.42774 0.249959 0.25 
v 0.42774 0.249964 0 
v 0.427668 0.249968 0 
v 0.427301 0.249979 0.25 
v 0.429065 0.249892 0.25 
v 0.429065 0.249894 0 
v 0.429056 0.249895 0 
v 0.4289 0.249906 0.25 
v 0.430074 0.249805 0.25 
v 0.430256 0.249785 0 
v 0.430272 0.249784 0 
v 0.430256 0.249782 0.25 
v 0.431221 0.249661 0.25 
v 0.431356 0.249641 0 
v 0.431356 0.249641 0 
v 0.431355 0.249639 0.25 
v 0.432304 0.249481 0.25 
v 0.432397 0.249463 0 
v 0.433505 0.249223 0.25 
v 0.433505 0.249226 0 
v 0.433485 0.249231 0 
v 0.432402 0.249462 0 
v 0.432397 0.249461 0.25 
v 0.433308 0.249272 0.25 
v 0.43456 0.248948 0.25 
v 0.434561 0.248951 0 
v 0.434521 0.248964 0 
v 0.434295 0.249026 0.25 
v 0.43557 0.248639 0.25 
v 0.435571 0.248642 0 
v 0.435514 0.248662 0 
v 0.435261 0.248743 0.25 
v 0.436537 0.248297 0.25 
v 0.436538 0.248299 0 
v 0.436474 0.248325 0 
v 0.436191 0.248429 0.25 
v 0.437461 0.247925 0.25 
v 0.437462 0.247927 0 
v 0.437345 0.247979 0 
v 0.437081 0.248088 0.25 
v 0.43834 0.247526 0.25 
v 0.438341 0.24753 0 
v 0.438235 0.247583 0 
v 0.437904 0.247734 0.25 
v 0.439172 0.247106 0.25 
v 0.439174 0.24711 0 
v 0.439065 0.24717 0 
v 0.438715 0.247347 0.25 
v 0.439481 0.246943 0.25 
v 0.439959 0.24667 0 
v 0.439841 0.246742 0 
v 0.440206 0.246521 0.25 
v 0.440697 0.246213 0 
v 0.440568 0.246299 0 
v 0.439957 0.246666 0.25 
v 0.440895 0.246082 0.25 
v 0.44139 0.245741 0 
v 0.441253 0.245841 0 
v 0.440695 0.246209 0.25 
v 0.441535 0.245637 0.25 
v 0.442039 0.245257 0 
v 0.441901 0.245367 0 
v 0.441388 0.245739 0.25 
v 0.442514 0.244878 0 
v 0.442039 0.245256 0.25 
v 0.442149 0.245172 0.25 
v 0.442649 0.24476 0 
v 0.443096 0.244372 0 
v 0.442649 0.24476 0.25 
v 0.442738 0.244687 0.25 
v 0.443224 0.244251 0 
v 0.443651 0.243847 0 
v 0.443224 0.244251 0.25 
v 0.443303 0.244181 0.25 
v 0.443748 0.243748 0 
v 0.443847 0.243651 0.25 
v 0.444266 0.243207 0 
v 0.444181 0.243303 0 
v 0.443748 0.243748 0.25 
v 0.444372 0.243096 0.25 
v 0.444763 0.242645 0 
v 0.444687 0.242738 0 
v 0.444267 0.243207 0.25 
v 0.444878 0.242514 0.25 
v 0.445242 0.242057 0 
v 0.445172 0.242149 0 
v 0.444764 0.242645 0.25 
v 0.445367 0.241901 0.25 
v 0.445704 0.241438 0 
v 0.445637 0.241535 0 
v 0.445242 0.242057 0.25 
v 0.445841 0.241253 0.25 
v 0.446152 0.240785 0 
v 0.446082 0.240895 0 
v 0.445705 0.241439 0.25 
v 0.446299 0.240568 0.25 
v 0.446585 0.240096 0 
v 0.446521 0.240206 0 
v 0.446153 0.240786 0.25 
v 0.446742 0.239841 0.25 
v 0.447002 0.239368 0 
v 0.446943 0.239481 0 
v 0.446586 0.240097 0.25 
v 0.44717 0.239065 0.25 
v 0.447402 0.238599 0 
v 0.447347 0.238715 0 
v 0.447003 0.239368 0.25 
v 0.447782 0.237789 0.25 
v 0.447783 0.23779 0 
v 0.447734 0.237904 0 
v 0.447402 0.238599 0.25 
v 0.447583 0.238235 0.25 
v 0.448141 0.236938 0.25 
v 0.448143 0.236939 0 
v 0.448088 0.237081 0 
v 0.447979 0.237345 0.25 
v 0.448474 0.236048 0.25 
v 0.448477 0.236049 0 
v 0.448429 0.236191 0 
v 0.448325 0.236474 0.25 
v 0.448781 0.235121 0.25 
v 0.448784 0.235122 0 
v 0.448743 0.235261 0 
v 0.448662 0.235514 0.25 
v 0.449057 0.234159 0.25 
v 0.44906 0.23416 0 
v 0.449026 0.234295 0 
v 0.448964 0.234521 0.25 
v 0.449299 0.233165 0.25 
v 0.449302 0.233165 0 
v 0.449272 0.233308 0 
v 0.449231 0.233485 0.25 
v 0.449507 0.232139 0.25 
v 0.449508 0.232139 0 
v 0.449481 0.232304 0 
v 0.449462 0.232402 0.25 
v 0.449678 0.231078 0.25 
v 0.449679 0.231078 0 
v 0.449661 0.231221 0 
v 0.449641 0.231356 0.25 
v 0.449811 0.229971 0.25 
v 0.449814 0.229971 0 
v 0.449805 0.230074 0 
v 0.449784 0.230272 0.25 
v 0.449908 0.228796 0.25 
v 0.449911 0.228796 0 
v 0.449906 0.2289 0 
v 0.449895 0.229056 0.25 
v 0.449973 0.227207 0.25 
v 0.44998 0.227207 0 
v 0.449979 0.227301 0 
v 0.449968 0.227668 0.25 
v 0.45 0.225 0 
v 0.45 0.225 0.25 
v 0.45 0 0.25 
v 0.45 0 0 
v 0.449985 -0.0105462 0 
v 0.449999 -0.00311112 0.25 
v 0.449891 -0.0290186 0 
v 0.449975 -0.0176985 0 
v 0.449956 -0.0213025 0.25 
v 0.449859 -0.031072 0.25 
v 0.449859 -0.0310719 0 
v 0.449982 -0.0105462 0.25 
v 0.449841 -0.0329558 0.25 
v 0.449638 -0.0437817 0.25 
v 0.449726 -0.0396826 0 
v 0.449526 -0.0475971 0 
v 0.449353 -0.0534708 0.25 
v 0.448979 -0.0627265 0.25 
v 0.449137 -0.0591988 0 
v 0.448971 -0.0627261 0 
v 0.449526 -0.047597 0.25 
v 0.449457 -0.0503477 0 
v 0.448189 -0.0769193 0 
v 0.448978 -0.0627515 0.25 
v 0.448515 -0.0716366 0.25 
v 0.448209 -0.0766336 0 
v 0.448732 -0.0677771 0 
v 0.447146 -0.0904865 0 
v 0.447595 -0.085181 0 
v 0.447392 -0.087705 0.25 
v 0.447974 -0.0800743 0.25 
v 0.448177 -0.0769185 0.25 
v 0.446132 -0.101186 0 
v 0.446936 -0.0929606 0 
v 0.446668 -0.0958308 0.25 
v 0.445848 -0.103833 0.25 
v 0.445709 -0.104983 0 
v 0.447144 -0.0904863 0.25 
v 0.444246 -0.117109 0 
v 0.445242 -0.109174 0 
v 0.444934 -0.111714 0.25 
v 0.443994 -0.118953 0.25 
v 0.443988 -0.118952 0 
v 0.445715 -0.104984 0.25 
v 0.441979 -0.132523 0 
v 0.443926 -0.119476 0.25 
v 0.44285 -0.12696 0.25 
v 0.443111 -0.125213 0 
v 0.439661 -0.145787 0 
v 0.440645 -0.140432 0 
v 0.440379 -0.141937 0.25 
v 0.441927 -0.132859 0 
v 0.441673 -0.134423 0.25 
v 0.441973 -0.132522 0.25 
v 0.437054 -0.158801 0 
v 0.437788 -0.155369 0 
v 0.437498 -0.156767 0.25 
v 0.439265 -0.147935 0 
v 0.438987 -0.149385 0.25 
v 0.439659 -0.145787 0.25 
v 0.434543 -0.170032 0 
v 0.436214 -0.162734 0 
v 0.435912 -0.164086 0.25 
v 0.434269 -0.171179 0.25 
v 0.43416 -0.171597 0 
v 0.437057 -0.158801 0.25 
v 0.430976 -0.18419 0 
v 0.432776 -0.177263 0 
v 0.432501 -0.178344 0.25 
v 0.434166 -0.171598 0.25 
v 0.427483 -0.196581 0 
v 0.428955 -0.191532 0 
v 0.428659 -0.192565 0.25 
v 0.430913 -0.18443 0 
v 0.430627 -0.185486 0.25 
v 0.430968 -0.184188 0.25 
v 0.42371 -0.208773 0 
v 0.424755 -0.205549 0 
v 0.424439 -0.20654 0.25 
v 0.426902 -0.198572 0 
v 0.426596 -0.199583 0.25 
v 0.427479 -0.19658 0.25 
v 0.420175 -0.219322 0 
v 0.422512 -0.212466 0 
v 0.422218 -0.213345 0.25 
v 0.419883 -0.220156 0.25 
v 0.419661 -0.22076 0 
v 0.42371 -0.208773 0.25 
v 0.415339 -0.232532 0 
v 0.417744 -0.22612 0 
v 0.417454 -0.226911 0.25 
v 0.419665 -0.220761 0.25 
v 0.410739 -0.244072 0 
v 0.412503 -0.239778 0 
v 0.412333 -0.240197 0.25 
v 0.415147 -0.233044 0 
v 0.414937 -0.233591 0.25 
v 0.415337 -0.232531 0.25 
v 0.405887 -0.255375 0 
v 0.407031 -0.252818 0 
v 0.406909 -0.253092 0.25 
v 0.409808 -0.24634 0 
v 0.409643 -0.24673 0.25 
v 0.410738 -0.244071 0.25 
v 0.400791 -0.266428 0 
v 0.40123 -0.265523 0 
v 0.40114 -0.265711 0.25 
v 0.404171 -0.259211 0 
v 0.404075 -0.25942 0.25 
v 0.405887 -0.255374 0.25 
v 0.39545 -0.277217 0 
v 0.398207 -0.271753 0 
v 0.398128 -0.271912 0.25 
v 0.400792 -0.266428 0.25 
v 0.38987 -0.287729 0.25 
v 0.389869 -0.287728 0 
v 0.391857 -0.284086 0 
v 0.395103 -0.277903 0 
v 0.39504 -0.278026 0.25 
v 0.391875 -0.284053 0.25 
v 0.395449 -0.277216 0.25 
v 0.384073 -0.297963 0.25 
v 0.384075 -0.297964 0 
v 0.385195 -0.296061 0 
v 0.388525 -0.29019 0 
v 0.38866 -0.289946 0.25 
v 0.38543 -0.295653 0.25 
v 0.378067 -0.307914 0.25 
v 0.378071 -0.307916 0 
v 0.378327 -0.307513 0 
v 0.381795 -0.301835 0 
v 0.382048 -0.301412 0.25 
v 0.378598 -0.307075 0.25 
v 0.37185 -0.317573 0.25 
v 0.371848 -0.317571 0 
v 0.374789 -0.313095 0 
v 0.375079 -0.312644 0.25 
v 0.365424 -0.326934 0.25 
v 0.365422 -0.326934 0 
v 0.367506 -0.323982 0 
v 0.371182 -0.318585 0 
v 0.371492 -0.31812 0.25 
v 0.367837 -0.323503 0.25 
v 0.358804 -0.336008 0.25 
v 0.358806 -0.336009 0 
v 0.359873 -0.334603 0 
v 0.36376 -0.329289 0 
v 0.364147 -0.328749 0.25 
v 0.360388 -0.333909 0.25 
v 0.351995 -0.344799 0.25 
v 0.352 -0.344803 0 
v 0.352026 -0.344771 0 
v 0.355968 -0.339753 0 
v 0.356536 -0.339014 0.25 
v 0.352617 -0.344031 0.25 
v 0.344988 -0.353305 0.25 
v 0.344984 -0.353301 0 
v 0.348018 -0.349699 0 
v 0.348629 -0.348959 0.25 
v 0.337776 -0.36153 0 
v 0.344573 -0.3538 0.25 
v 0.340448 -0.358556 0.25 
v 0.339797 -0.359291 0 
v 0.343941 -0.354539 0 
v 0.330369 -0.369497 0.25 
v 0.330372 -0.369499 0 
v 0.331303 -0.368537 0 
v 0.335584 -0.363957 0 
v 0.336254 -0.363226 0.25 
v 0.331991 -0.367812 0.25 
v 0.337777 -0.36153 0.25 
v 0.323263 -0.376725 0.25 
v 0.322767 -0.37721 0 
v 0.326953 -0.373032 0 
v 0.327662 -0.37231 0.25 
v 0.314925 -0.384682 0.25 
v 0.314922 -0.384679 0 
v 0.318048 -0.381767 0 
v 0.322541 -0.377436 0 
v 0.322765 -0.377208 0.25 
v 0.318773 -0.381079 0.25 
v 0.306851 -0.391926 0.25 
v 0.306851 -0.391926 0 
v 0.308801 -0.390232 0 
v 0.309536 -0.38958 0.25 
v 0.313466 -0.386034 0 
v 0.314197 -0.385363 0.25 
v 0.298539 -0.398959 0.25 
v 0.298542 -0.398963 0 
v 0.299213 -0.39842 0 
v 0.299953 -0.397807 0.25 
v 0.30405 -0.39436 0 
v 0.304788 -0.393727 0.25 
v 0.290016 -0.405765 0.25 
v 0.289977 -0.405787 0 
v 0.294289 -0.402411 0 
v 0.295029 -0.40182 0.25 
v 0.281147 -0.412402 0.25 
v 0.281146 -0.412401 0 
v 0.284176 -0.41019 0 
v 0.284878 -0.409667 0.25 
v 0.289277 -0.406334 0 
v 0.28998 -0.405792 0.25 
v 0.272054 -0.418818 0.25 
v 0.272055 -0.418819 0 
v 0.273781 -0.417645 0 
v 0.27426 -0.417313 0.25 
v 0.279017 -0.413955 0 
v 0.279562 -0.413564 0.25 
v 0.262695 -0.42504 0.25 
v 0.262697 -0.425042 0 
v 0.262931 -0.424894 0 
v 0.263383 -0.424603 0.25 
v 0.268402 -0.421304 0 
v 0.268868 -0.420993 0.25 
v 0.253061 -0.431049 0.25 
v 0.253059 -0.431046 0 
v 0.257367 -0.428416 0 
v 0.257805 -0.428145 0.25 
v 0.243153 -0.436844 0.25 
v 0.243153 -0.436844 0 
v 0.245955 -0.435256 0 
v 0.246364 -0.43502 0.25 
v 0.251709 -0.43187 0 
v 0.252132 -0.431617 0.25 
v 0.232984 -0.442434 0.25 
v 0.232984 -0.442434 0 
v 0.234365 -0.441708 0 
v 0.234412 -0.441683 0.25 
v 0.240242 -0.438495 0 
v 0.240498 -0.438353 0.25 
v 0.222554 -0.447807 0 
v 0.228342 -0.444877 0 
v 0.228221 -0.444939 0.25 
v 0.211863 -0.452936 0 
v 0.216035 -0.450985 0 
v 0.215849 -0.451075 0.25 
v 0.222075 -0.448048 0.25 
v 0.222233 -0.44797 0 
v 0.222554 -0.447806 0.25 
v 0.200931 -0.457837 0 
v 0.203418 -0.456766 0 
v 0.203152 -0.456884 0.25 
v 0.209541 -0.454021 0.25 
v 0.209749 -0.453924 0 
v 0.211863 -0.452936 0.25 
v 0.190121 -0.462365 0.25 
v 0.189769 -0.4625 0 
v 0.190539 -0.462196 0 
v 0.196679 -0.459665 0.25 
v 0.197068 -0.459501 0 
v 0.200932 -0.457838 0.25 
v 0.178382 -0.466902 0 
v 0.183937 -0.464804 0 
v 0.183406 -0.465008 0.25 
v 0.18977 -0.462503 0.25 
v 0.166785 -0.471039 0 
v 0.170509 -0.469759 0 
v 0.169677 -0.470051 0.25 
v 0.176471 -0.467615 0.25 
v 0.17726 -0.467325 0 
v 0.17838 -0.466898 0.25 
v 0.162823 -0.472393 0.25 
v 0.15591 -0.47464 0.25 
v 0.1569 -0.474324 0 
v 0.154997 -0.474916 0 
v 0.163697 -0.4721 0 
v 0.166785 -0.471039 0.25 
v 0.14303 -0.478525 0 
v 0.149946 -0.476486 0 
v 0.148936 -0.476793 0.25 
v 0.154999 -0.474922 0.25 
v 0.130888 -0.481834 0 
v 0.135856 -0.480527 0 
v 0.1348 -0.480814 0.25 
v 0.1419 -0.478851 0.25 
v 0.142932 -0.478554 0 
v 0.143029 -0.478521 0.25 
v 0.118589 -0.484869 0 
v 0.121544 -0.484182 0 
v 0.120409 -0.484453 0.25 
v 0.127637 -0.482682 0.25 
v 0.128717 -0.482405 0 
v 0.130888 -0.481834 0.25 
v 0.106137 -0.487626 0.25 
v 0.106137 -0.487623 0 
v 0.107149 -0.487418 0 
v 0.113114 -0.486129 0.25 
v 0.11859 -0.484871 0.25 
v 0.114465 -0.485827 0 
v 0.0935297 -0.490083 0 
v 0.105753 -0.487709 0.25 
v 0.0983229 -0.489191 0.25 
v 0.0997698 -0.488912 0 
v 0.0807615 -0.49225 0 
v 0.0848149 -0.491608 0 
v 0.083254 -0.491863 0.25 
v 0.0908237 -0.490576 0.25 
v 0.0923254 -0.490309 0 
v 0.0935286 -0.490077 0.25 
v 0.0756122 -0.493052 0.25 
v 0.0678185 -0.494149 0.25 
v 0.0698758 -0.493871 0 
v 0.0678173 -0.49414 0 
v 0.0807616 -0.492251 0.25 
v 0.0773404 -0.492793 0 
v 0.0546654 -0.495754 0 
v 0.0675379 -0.494189 0.25 
v 0.0595857 -0.495193 0.25 
v 0.0621203 -0.494884 0 
v 0.0516056 -0.496088 0.25 
v 0.043414 -0.496895 0.25 
v 0.0462496 -0.496628 0 
v 0.0412524 -0.497076 0 
v 0.0542456 -0.495803 0 
v 0.0546644 -0.495745 0.25 
v 0.0356394 -0.497559 0.25 
v 0.0275002 -0.498149 0.25 
v 0.0304731 -0.497946 0 
v 0.0274995 -0.498139 0 
v 0.0412528 -0.497079 0.25 
v 0.0381302 -0.497357 0 
v 0.0132755 -0.498953 0 
v 0.0271089 -0.498178 0.25 
v 0.0182697 -0.498706 0.25 
v 0.02209 -0.498489 0 
v 0.0097078 -0.499116 0.25 
v -1.41941e-08 -0.499468 0.25 
v 0.00396525 -0.499336 0 
v -1.45453e-08 -0.499468 1.56125e-17 
v 0.0132751 -0.498945 0.25 
v 0.013225 -0.498956 0 
v -0.449985 -0.0105462 0.25 
v -0.45 0 0.25 
v -0.449999 -0.00311105 0 
v -0.45 0 0 
v -0.449891 -0.0290186 0.25 
v -0.449975 -0.0176985 0.25 
v -0.449956 -0.0213024 0 
v -0.449859 -0.031072 0 
v -0.449859 -0.0310719 0.25 
v -0.449982 -0.0105462 0 
v -0.449841 -0.0329557 0 
v -0.449638 -0.0437817 0 
v -0.449726 -0.0396826 0.25 
v -0.449526 -0.0475971 0.25 
v -0.449353 -0.0534708 0 
v -0.448979 -0.0627265 0 
v -0.449137 -0.0591988 0.25 
v -0.448971 -0.0627261 0.25 
v -0.449526 -0.047597 0 
v -0.449457 -0.0503477 0.25 
v -0.448189 -0.0769193 0.25 
v -0.448978 -0.0627515 0 
v -0.448515 -0.0716366 0 
v -0.448209 -0.0766336 0.25 
v -0.448732 -0.0677771 0.25 
v -0.447146 -0.0904865 0.25 
v -0.447595 -0.085181 0.25 
v -0.447392 -0.087705 0 
v -0.447974 -0.0800743 0 
v -0.448177 -0.0769185 0 
v -0.446132 -0.101186 0.25 
v -0.446936 -0.0929606 0.25 
v -0.446668 -0.0958308 0 
v -0.445848 -0.103833 0 
v -0.445709 -0.104983 0.25 
v -0.447144 -0.0904863 0 
v -0.444246 -0.117109 0.25 
v -0.445242 -0.109174 0.25 
v -0.444934 -0.111714 0 
v -0.443994 -0.118953 0 
v -0.443988 -0.118952 0.25 
v -0.445715 -0.104984 0 
v -0.441979 -0.132523 0.25 
v -0.443926 -0.119476 0 
v -0.44285 -0.12696 0 
v -0.443111 -0.125213 0.25 
v -0.439661 -0.145787 0.25 
v -0.440645 -0.140432 0.25 
v -0.440379 -0.141937 0 
v -0.441927 -0.132859 0.25 
v -0.441673 -0.134423 0 
v -0.441973 -0.132522 0 
v -0.437054 -0.158801 0.25 
v -0.437788 -0.155369 0.25 
v -0.437498 -0.156767 0 
v -0.439265 -0.147935 0.25 
v -0.438987 -0.149385 0 
v -0.439659 -0.145787 0 
v -0.434543 -0.170032 0.25 
v -0.436214 -0.162734 0.25 
v -0.435912 -0.164086 0 
v -0.434269 -0.171179 0 
v -0.43416 -0.171597 0.25 
v -0.437057 -0.158801 0 
v -0.430976 -0.18419 0.25 
v -0.432776 -0.177263 0.25 
v -0.432501 -0.178344 0 
v -0.434166 -0.171598 0 
v -0.427483 -0.196581 0.25 
v -0.428955 -0.191532 0.25 
v -0.428659 -0.192565 0 
v -0.430913 -0.18443 0.25 
v -0.430627 -0.185486 0 
v -0.430968 -0.184188 0 
v -0.42371 -0.208773 0.25 
v -0.424755 -0.205549 0.25 
v -0.424439 -0.20654 0 
v -0.426902 -0.198572 0.25 
v -0.426596 -0.199583 0 
v -0.427479 -0.19658 0 
v -0.420175 -0.219322 0.25 
v -0.422512 -0.212466 0.25 
v -0.422218 -0.213345 0 
v -0.419883 -0.220156 0 
v -0.419661 -0.22076 0.25 
v -0.42371 -0.208773 0 
v -0.415339 -0.232532 0.25 
v -0.417744 -0.22612 0.25 
v -0.417454 -0.226911 0 
v -0.419665 -0.220761 0 
v -0.410739 -0.244072 0.25 
v -0.412503 -0.239778 0.25 
v -0.412333 -0.240197 0 
v -0.415147 -0.233044 0.25 
v -0.414937 -0.233591 0 
v -0.415337 -0.232531 0 
v -0.405887 -0.255375 0.25 
v -0.407031 -0.252818 0.25 
v -0.406909 -0.253092 0 
v -0.409808 -0.24634 0.25 
v -0.409643 -0.24673 0 
v -0.410738 -0.244071 0 
v -0.400791 -0.266428 0.25 
v -0.40123 -0.265523 0.25 
v -0.40114 -0.265711 0 
v -0.404171 -0.259211 0.25 
v -0.404075 -0.25942 0 
v -0.405887 -0.255374 0 
v -0.39545 -0.277217 0.25 
v -0.398207 -0.271753 0.25 
v -0.398129 -0.271912 0 
v -0.400792 -0.266428 0 
v -0.38987 -0.287729 0 
v -0.389869 -0.287728 0.25 
v -0.391857 -0.284086 0.25 
v -0.395103 -0.277903 0.25 
v -0.39504 -0.278026 0 
v -0.391875 -0.284053 0 
v -0.395449 -0.277216 0 
v -0.384073 -0.297963 0 
v -0.384075 -0.297964 0.25 
v -0.385195 -0.296061 0.25 
v -0.388525 -0.29019 0.25 
v -0.38866 -0.289946 0 
v -0.38543 -0.295653 0 
v -0.378067 -0.307914 0 
v -0.378071 -0.307916 0.25 
v -0.378327 -0.307513 0.25 
v -0.381795 -0.301835 0.25 
v -0.382048 -0.301412 0 
v -0.378598 -0.307075 0 
v -0.37185 -0.317573 0 
v -0.371848 -0.317571 0.25 
v -0.374789 -0.313095 0.25 
v -0.375079 -0.312644 0 
v -0.365424 -0.326934 0 
v -0.365422 -0.326934 0.25 
v -0.367506 -0.323982 0.25 
v -0.371182 -0.318585 0.25 
v -0.371492 -0.31812 0 
v -0.367837 -0.323503 0 
v -0.358804 -0.336008 0 
v -0.358806 -0.336009 0.25 
v -0.359873 -0.334603 0.25 
v -0.36376 -0.329289 0.25 
v -0.364147 -0.328749 0 
v -0.360388 -0.333909 0 
v -0.351995 -0.344799 0 
v -0.352 -0.344803 0.25 
v -0.352026 -0.344771 0.25 
v -0.355968 -0.339753 0.25 
v -0.356536 -0.339014 0 
v -0.352617 -0.344031 0 
v -0.344988 -0.353305 0 
v -0.344984 -0.353301 0.25 
v -0.348018 -0.349699 0.25 
v -0.348629 -0.348959 0 
v -0.337776 -0.36153 0.25 
v -0.344573 -0.3538 0 
v -0.340448 -0.358556 0 
v -0.339797 -0.359291 0.25 
v -0.343941 -0.354539 0.25 
v -0.330369 -0.369497 0 
v -0.330372 -0.369499 0.25 
v -0.331303 -0.368537 0.25 
v -0.335584 -0.363957 0.25 
v -0.336254 -0.363226 0 
v -0.331991 -0.367812 0 
v -0.337777 -0.36153 0 
v -0.323263 -0.376725 0 
v -0.322767 -0.37721 0.25 
v -0.326953 -0.373032 0.25 
v -0.327662 -0.37231 0 
v -0.314925 -0.384682 0 
v -0.314922 -0.384679 0.25 
v -0.318048 -0.381767 0.25 
v -0.322541 -0.377436 0.25 
v -0.322765 -0.377208 0 
v -0.318773 -0.381079 0 
v -0.306851 -0.391926 0 
v -0.306851 -0.391926 0.25 
v -0.308801 -0.390232 0.25 
v -0.309536 -0.38958 0 
v -0.313466 -0.386034 0.25 
v -0.314197 -0.385363 0 
v -0.298539 -0.398959 0 
v -0.298542 -0.398963 0.25 
v -0.299213 -0.39842 0.25 
v -0.299953 -0.397807 0 
v -0.30405 -0.39436 0.25 
v -0.304788 -0.393727 0 
v -0.290016 -0.405765 0 
v -0.289977 -0.405787 0.25 
v -0.294289 -0.402411 0.25 
v -0.295029 -0.40182 0 
v -0.281147 -0.412402 0 
v -0.281146 -0.412401 0.25 
v -0.284176 -0.41019 0.25 
v -0.284878 -0.409667 0 
v -0.289277 -0.406334 0.25 
v -0.28998 -0.405792 0 
v -0.272054 -0.418818 0 
v -0.272055 -0.418819 0.25 
v -0.273781 -0.417645 0.25 
v -0.27426 -0.417313 0 
v -0.279017 -0.413955 0.25 
v -0.279562 -0.413564 0 
v -0.262695 -0.42504 0 
v -0.262697 -0.425042 0.25 
v -0.262931 -0.424894 0.25 
v -0.263383 -0.424603 0 
v -0.268402 -0.421304 0.25 
v -0.268868 -0.420993 0 
v -0.253061 -0.431049 0 
v -0.253059 -0.431046 0.25 
v -0.257367 -0.428416 0.25 
v -0.257805 -0.428145 0 
v -0.243153 -0.436844 0 
v -0.243153 -0.436844 0.25 
v -0.245955 -0.435256 0.25 
v -0.246364 -0.43502 0 
v -0.251709 -0.43187 0.25 
v -0.252132 -0.431617 0 
v -0.232984 -0.442434 0 
v -0.232984 -0.442434 0.25 
v -0.234365 -0.441708 0.25 
v -0.234412 -0.441683 0 
v -0.240242 -0.438495 0.25 
v -0.240498 -0.438353 0 
v -0.222554 -0.447807 0.25 
v -0.228342 -0.444877 0.25 
v -0.228221 -0.444939 0 
v -0.211863 -0.452936 0.25 
v -0.216035 -0.450985 0.25 
v -0.215849 -0.451075 0 
v -0.222075 -0.448048 0 
v -0.222233 -0.44797 0.25 
v -0.222554 -0.447806 0 
v -0.200931 -0.457837 0.25 
v -0.203418 -0.456766 0.25 
v -0.203152 -0.456884 0 
v -0.209542 -0.454021 0 
v -0.209749 -0.453924 0.25 
v -0.211863 -0.452936 0 
v -0.190121 -0.462365 0 
v -0.189769 -0.4625 0.25 
v -0.190539 -0.462196 0.25 
v -0.196679 -0.459665 0 
v -0.197068 -0.459501 0.25 
v -0.200932 -0.457838 0 
v -0.178382 -0.466902 0.25 
v -0.183937 -0.464804 0.25 
v -0.183406 -0.465008 0 
v -0.18977 -0.462503 0 
v -0.166785 -0.471039 0.25 
v -0.170509 -0.469759 0.25 
v -0.169677 -0.470051 0 
v -0.176471 -0.467615 0 
v -0.17726 -0.467325 0.25 
v -0.17838 -0.466898 0 
v -0.162823 -0.472393 0 
v -0.15591 -0.47464 0 
v -0.1569 -0.474324 0.25 
v -0.154997 -0.474916 0.25 
v -0.163697 -0.4721 0.25 
v -0.166785 -0.471039 0 
v -0.14303 -0.478525 0.25 
v -0.149946 -0.476486 0.25 
v -0.148936 -0.476793 0 
v -0.154999 -0.474922 0 
v -0.130888 -0.481834 0.25 
v -0.135856 -0.480527 0.25 
v -0.1348 -0.480814 0 
v -0.1419 -0.478851 0 
v -0.142932 -0.478554 0.25 
v -0.143029 -0.478521 0 
v -0.118589 -0.484869 0.25 
v -0.121544 -0.484182 0.25 
v -0.120409 -0.484453 0 
v -0.127637 -0.482682 0 
v -0.128717 -0.482405 0.25 
v -0.130888 -0.481834 0 
v -0.106137 -0.487626 0 
v -0.106137 -0.487623 0.25 
v -0.107149 -0.487418 0.25 
v -0.113114 -0.486129 0 
v -0.11859 -0.484871 0 
v -0.114465 -0.485827 0.25 
v -0.0935297 -0.490083 0.25 
v -0.105753 -0.487709 0 
v -0.0983229 -0.489191 0 
v -0.0997698 -0.488912 0.25 
v -0.0807615 -0.49225 0.25 
v -0.0848149 -0.491608 0.25 
v -0.083254 -0.491863 0 
v -0.0908237 -0.490576 0 
v -0.0923254 -0.490309 0.25 
v -0.0935286 -0.490077 0 
v -0.0756122 -0.493052 0 
v -0.0678185 -0.494149 0 
v -0.0698758 -0.493871 0.25 
v -0.0678173 -0.49414 0.25 
v -0.0807616 -0.492251 0 
v -0.0773404 -0.492793 0.25 
v -0.0546654 -0.495754 0.25 
v -0.0675379 -0.494189 0 
v -0.0595857 -0.495193 0 
v -0.0621203 -0.494884 0.25 
v -0.0516056 -0.496088 0 
v -0.043414 -0.496895 0 
v -0.0462496 -0.496628 0.25 
v -0.0412524 -0.497076 0.25 
v -0.0542456 -0.495803 0.25 
v -0.0546644 -0.495745 0 
v -0.0356394 -0.497559 0 
v -0.0275002 -0.498149 0 
v -0.0304731 -0.497946 0.25 
v -0.0274995 -0.498139 0.25 
v -0.0412528 -0.497079 0 
v -0.0381302 -0.497357 0.25 
v -0.0132755 -0.498953 0.25 
v -0.0271089 -0.498178 0 
v -0.0182697 -0.498706 0 
v -0.02209 -0.498489 0.25 
v -0.00970783 -0.499116 0 
v -0.00396525 -0.499336 0.25 
v -0.013225 -0.498956 0.25 
v -0.0132751 -0.498945 0 
v -0.413952 0.248474 0 
v -0.413526 0.248325 0 
v -0.413062 0.248141 0 
v -0.414879 0.248781 0 
v -0.409903 0.246586 0 
v -0.409432 0.246299 0 
v -0.410632 0.247003 0 
v -0.410159 0.246742 0 
v -0.411401 0.247402 0 
v -0.412211 0.247782 0 
v -0.410935 0.24717 0 
v -0.412655 0.247979 0 
v -0.414486 0.248662 0 
v -0.409214 0.246153 0 
v -0.415841 0.249057 0 
v -0.415479 0.248964 0 
v -0.416835 0.249299 0 
v -0.416515 0.249231 0 
v -0.417861 0.249507 0 
v -0.417598 0.249462 0 
v -0.420029 0.249811 0 
v -0.419728 0.249784 0 
v -0.421204 0.249908 0 
v -0.420944 0.249895 0 
v -0.40524 0.242649 0 
v -0.43779 0.247783 0 
v -0.437081 0.248088 0 
v -0.438599 0.247402 0 
v -0.437904 0.247734 0 
v -0.448951 0.234561 0 
v -0.400777 0.233505 0 
v -0.400728 0.233308 0 
v -0.401052 0.23456 0 
v -0.400974 0.234295 0 
v -0.402075 0.237461 0 
v -0.401912 0.237081 0 
v -0.402474 0.23834 0 
v -0.402266 0.237904 0 
v -0.408561 0.245705 0 
v -0.408099 0.245367 0 
v -0.408747 0.245841 0 
v -0.411765 0.247583 0 
v -0.418922 0.249678 0 
v -0.418644 0.249641 0 
v -0.407355 0.244764 0 
v -0.422793 0.249973 0 
v -0.422332 0.249968 0 
v -0.427207 0.24998 0 
v -0.425 0.25 0 
v -0.436939 0.248143 0 
v -0.436191 0.248429 0 
v -0.439368 0.247002 0 
v -0.438715 0.247347 0 
v -0.440096 0.246585 0 
v -0.439481 0.246943 0 
v -0.440785 0.246152 0 
v -0.440206 0.246521 0 
v -0.441438 0.245704 0 
v -0.440895 0.246082 0 
v -0.44753 0.238341 0 
v -0.44717 0.239065 0 
v -0.447927 0.237462 0 
v -0.447583 0.238235 0 
v -0.401361 0.23557 0 
v -0.401257 0.235261 0 
v -0.401703 0.236537 0 
v -0.401571 0.236191 0 
v -0.429971 0.249814 0 
v -0.405749 0.243224 0 
v -0.405313 0.242738 0 
v -0.406252 0.243748 0 
v -0.405819 0.243303 0 
v -0.407943 0.245242 0 
v -0.407486 0.244878 0 
v -0.428796 0.249911 0 
v -0.427301 0.249979 0 
v -0.442057 0.245242 0 
v -0.441535 0.245637 0 
v -0.448299 0.236538 0 
v -0.447979 0.237345 0 
v -0.400361 0.231355 0 
v -0.400339 0.231221 0 
v -0.400539 0.232397 0 
v -0.400519 0.232304 0 
v -0.406793 0.244267 0 
v -0.406349 0.243847 0 
v -0.4289 0.249906 0 
v -0.431078 0.249679 0 
v -0.430074 0.249805 0 
v -0.432139 0.249508 0 
v -0.431221 0.249661 0 
v -0.445257 0.242039 0 
v -0.444878 0.242514 0 
v -0.445741 0.24139 0 
v -0.445367 0.241901 0 
v -0.446213 0.240697 0 
v -0.445841 0.241253 0 
v -0.44667 0.239959 0 
v -0.446299 0.240568 0 
v -0.44711 0.239174 0 
v -0.446742 0.239841 0 
v -0.400108 0.229065 0 
v -0.400094 0.2289 0 
v -0.400218 0.230256 0 
v -0.400195 0.230074 0 
v -0.406904 0.244372 0 
v -0.433165 0.249302 0 
v -0.432304 0.249481 0 
v -0.43416 0.24906 0 
v -0.433308 0.249272 0 
v -0.435122 0.248784 0 
v -0.434295 0.249026 0 
v -0.436049 0.248477 0 
v -0.435261 0.248743 0 
v -0.44476 0.242649 0 
v -0.444372 0.243096 0 
v -0.403791 0.240695 0 
v -0.403479 0.240206 0 
v -0.404261 0.241388 0 
v -0.403918 0.240895 0 
v -0.442645 0.244763 0 
v -0.442149 0.245172 0 
v -0.443748 0.243748 0 
v -0.443303 0.244181 0 
v -0.444251 0.243224 0 
v -0.443847 0.243651 0 
v -0.400041 0.22774 0 
v -0.400021 0.227301 0 
v -0.402894 0.239172 0 
v -0.402653 0.238715 0 
v -0.403334 0.239957 0 
v -0.403057 0.239481 0 
v -0.404744 0.242039 0 
v -0.404363 0.241535 0 
v -0.404828 0.242149 0 
v -0.443207 0.244266 0 
v -0.442738 0.244687 0 
v -0.448642 0.235571 0 
v -0.448325 0.236474 0 
v -0.448662 0.235514 0 
v -0.400009 0.226042 0 
v -0.45 0.225 0 
v -0.449462 0.232402 0 
v -0.449231 0.233485 0 
v -0.449987 0.226042 0 
v -0.449968 0.227668 0 
v -0.449226 0.233505 0 
v -0.448964 0.234521 0 
v -0.449463 0.232397 0 
v -0.449964 0.22774 0 
v -0.449895 0.229056 0 
v -0.449641 0.231356 0 
v -0.449641 0.231356 0 
v -0.449785 0.230256 0 
v -0.449784 0.230272 0 
v -0.449894 0.229065 0 
v -0.45 0.225 0.25 
v -0.449991 0.226042 0.25 
v -0.449959 0.22774 0.25 
v -0.449979 0.227301 0.25 
v -0.449892 0.229065 0.25 
v -0.449906 0.2289 0.25 
v -0.449805 0.230074 0.25 
v -0.449782 0.230256 0.25 
v -0.449661 0.231221 0.25 
v -0.449639 0.231355 0.25 
v -0.449481 0.232304 0.25 
v -0.449223 0.233505 0.25 
v -0.449461 0.232397 0.25 
v -0.449272 0.233308 0.25 
v -0.448948 0.23456 0.25 
v -0.449026 0.234295 0.25 
v -0.448639 0.23557 0.25 
v -0.448743 0.235261 0.25 
v -0.448297 0.236537 0.25 
v -0.448429 0.236191 0.25 
v -0.447925 0.237461 0.25 
v -0.448088 0.237081 0.25 
v -0.447526 0.23834 0.25 
v -0.447734 0.237904 0.25 
v -0.447106 0.239172 0.25 
v -0.447347 0.238715 0.25 
v -0.446943 0.239481 0.25 
v -0.446521 0.240206 0.25 
v -0.446666 0.239957 0.25 
v -0.446082 0.240895 0.25 
v -0.446209 0.240695 0.25 
v -0.445637 0.241535 0.25 
v -0.445739 0.241388 0.25 
v -0.445256 0.242039 0.25 
v -0.445172 0.242149 0.25 
v -0.44476 0.242649 0.25 
v -0.444687 0.242738 0.25 
v -0.444251 0.243224 0.25 
v -0.444181 0.243303 0.25 
v -0.443651 0.243847 0.25 
v -0.443748 0.243748 0.25 
v -0.443096 0.244372 0.25 
v -0.443207 0.244267 0.25 
v -0.442514 0.244878 0.25 
v -0.442645 0.244764 0.25 
v -0.441901 0.245367 0.25 
v -0.442057 0.245242 0.25 
v -0.441253 0.245841 0.25 
v -0.441439 0.245705 0.25 
v -0.440568 0.246299 0.25 
v -0.440786 0.246153 0.25 
v -0.439841 0.246742 0.25 
v -0.440097 0.246586 0.25 
v -0.439065 0.24717 0.25 
v -0.439368 0.247003 0.25 
v -0.437789 0.247782 0.25 
v -0.438599 0.247402 0.25 
v -0.438235 0.247583 0.25 
v -0.436938 0.248141 0.25 
v -0.437345 0.247979 0.25 
v -0.436048 0.248474 0.25 
v -0.436474 0.248325 0.25 
v -0.435121 0.248781 0.25 
v -0.435514 0.248662 0.25 
v -0.434159 0.249057 0.25 
v -0.434521 0.248964 0.25 
v -0.433165 0.249299 0.25 
v -0.433485 0.249231 0.25 
v -0.432139 0.249507 0.25 
v -0.432402 0.249462 0.25 
v -0.431078 0.249678 0.25 
v -0.431356 0.249641 0.25 
v -0.429971 0.249811 0.25 
v -0.430272 0.249784 0.25 
v -0.428796 0.249908 0.25 
v -0.429056 0.249895 0.25 
v -0.427207 0.249973 0.25 
v -0.427668 0.249968 0.25 
v -0.425 0.25 0.25 
v -0.400013 0.226042 0.25 
v -0.400036 0.22774 0.25 
v -0.400032 0.227668 0.25 
v -0.400106 0.229065 0.25 
v -0.400105 0.229056 0.25 
v -0.400215 0.230256 0.25 
v -0.400216 0.230272 0.25 
v -0.400359 0.231356 0.25 
v -0.400359 0.231356 0.25 
v -0.400537 0.232397 0.25 
v -0.400774 0.233505 0.25 
v -0.400769 0.233485 0.25 
v -0.400538 0.232402 0.25 
v -0.401049 0.234561 0.25 
v -0.401036 0.234521 0.25 
v -0.401358 0.235571 0.25 
v -0.401338 0.235514 0.25 
v -0.401701 0.236538 0.25 
v -0.401675 0.236474 0.25 
v -0.402073 0.237462 0.25 
v -0.402021 0.237345 0.25 
v -0.40247 0.238341 0.25 
v -0.402417 0.238235 0.25 
v -0.40289 0.239174 0.25 
v -0.40283 0.239065 0.25 
v -0.40333 0.239959 0.25 
v -0.403258 0.239841 0.25 
v -0.403787 0.240697 0.25 
v -0.403701 0.240568 0.25 
v -0.404259 0.24139 0.25 
v -0.404159 0.241253 0.25 
v -0.404743 0.242039 0.25 
v -0.404633 0.241901 0.25 
v -0.405122 0.242514 0.25 
v -0.40524 0.242649 0.25 
v -0.405628 0.243096 0.25 
v -0.405749 0.243224 0.25 
v -0.406153 0.243651 0.25 
v -0.406252 0.243748 0.25 
v -0.406793 0.244266 0.25 
v -0.406697 0.244181 0.25 
v -0.407355 0.244763 0.25 
v -0.407262 0.244687 0.25 
v -0.407943 0.245242 0.25 
v -0.407851 0.245172 0.25 
v -0.408562 0.245704 0.25 
v -0.408465 0.245637 0.25 
v -0.409215 0.246152 0.25 
v -0.409105 0.246082 0.25 
v -0.409904 0.246585 0.25 
v -0.409794 0.246521 0.25 
v -0.410632 0.247002 0.25 
v -0.410519 0.246943 0.25 
v -0.411401 0.247402 0.25 
v -0.411285 0.247347 0.25 
v -0.41221 0.247783 0.25 
v -0.412096 0.247734 0.25 
v -0.413061 0.248143 0.25 
v -0.412919 0.248088 0.25 
v -0.413951 0.248477 0.25 
v -0.413809 0.248429 0.25 
v -0.414878 0.248784 0.25 
v -0.414739 0.248743 0.25 
v -0.41584 0.24906 0.25 
v -0.415705 0.249026 0.25 
v -0.416835 0.249302 0.25 
v -0.416692 0.249272 0.25 
v -0.417861 0.249508 0.25 
v -0.417696 0.249481 0.25 
v -0.418922 0.249679 0.25 
v -0.418779 0.249661 0.25 
v -0.420029 0.249814 0.25 
v -0.419926 0.249805 0.25 
v -0.421204 0.249911 0.25 
v -0.4211 0.249906 0.25 
v -0.422793 0.24998 0.25 
v -0.422699 0.249979 0.25 
v 0.14 -0.418032 0.25 
v -0.14 -0.418032 0.25 
v 0.14 -0.470032 0.25 
v -0.14 -0.470032 0.25 
v -0.14 -0.443237 0.35 
v -0.14 -0.418032 0.35 
v 0.14 -0.418032 0.35 
v 0.14 -0.443237 0.35 
vn 0.999404 0.0345161 0 
vn 1 -7.33993e-17 0 
vn 0.997617 0.0689911 0 
vn 0.999404 0.0345161 0 
vn 0.994642 0.103384 0 
vn 0.997617 0.0689911 0 
vn 0.99048 0.137654 0 
vn 0.994642 0.103384 0 
vn 0.985139 0.171759 0 
vn 0.99048 0.137654 0 
vn 0.978624 0.20566 0 
vn 0.985139 0.171759 0 
vn 0.970942 0.239316 0 
vn 0.978624 0.20566 0 
vn 0.962103 0.272686 0 
vn 0.970942 0.239316 0 
vn 0.952118 0.305732 0 
vn 0.962103 0.272686 0 
vn 0.940998 0.338413 0 
vn 0.952118 0.305732 0 
vn 0.928756 0.370691 0 
vn 0.940998 0.338413 0 
vn 0.915408 0.402527 0 
vn 0.928756 0.370691 0 
vn 0.900969 0.433884 0 
vn 0.915408 0.402527 0 
vn 0.885456 0.464723 0 
vn 0.900969 0.433884 0 
vn 0.868888 0.495009 0 
vn 0.885456 0.464723 0 
vn 0.851284 0.524704 0 
vn 0.868888 0.495009 0 
vn 0.832666 0.553775 0 
vn 0.851284 0.524704 0 
vn 0.813056 0.582185 0 
vn 0.832666 0.553775 0 
vn 0.792477 0.609902 0 
vn 0.813056 0.582185 0 
vn 0.770953 0.636892 0 
vn 0.792477 0.609902 0 
vn 0.748511 0.663123 0 
vn 0.770953 0.636892 0 
vn 0.725176 0.688563 0 
vn 0.748511 0.663123 0 
vn 0.700978 0.713183 0 
vn 0.725176 0.688563 0 
vn 0.675944 0.736953 0 
vn 0.700978 0.713183 0 
vn 0.650104 0.759845 0 
vn 0.675944 0.736953 0 
vn 0.62349 0.781831 0 
vn 0.650104 0.759845 0 
vn 0.596132 0.802886 0 
vn 0.62349 0.781831 0 
vn 0.568065 0.822984 0 
vn 0.596132 0.802886 0 
vn 0.53932 0.842101 0 
vn 0.568065 0.822984 0 
vn 0.509933 0.860214 0 
vn 0.53932 0.842101 0 
vn 0.479937 0.877303 0 
vn 0.509933 0.860214 0 
vn 0.44937 0.893346 0 
vn 0.479937 0.877303 0 
vn 0.418268 0.908324 0 
vn 0.44937 0.893346 0 
vn 0.386667 0.92222 0 
vn 0.418268 0.908324 0 
vn 0.354605 0.935016 0 
vn 0.386667 0.92222 0 
vn 0.32212 0.946699 0 
vn 0.354605 0.935016 0 
vn 0.289252 0.957253 0 
vn 0.32212 0.946699 0 
vn 0.256039 0.966666 0 
vn 0.289252 0.957253 0 
vn 0.222521 0.974928 0 
vn 0.256039 0.966666 0 
vn 0.188738 0.982028 0 
vn 0.222521 0.974928 0 
vn 0.154729 0.987957 0 
vn 0.188738 0.982028 0 
vn 0.120537 0.992709 0 
vn 0.154729 0.987957 0 
vn 0.0862004 0.996278 0 
vn 0.120537 0.992709 0 
vn 0.0517614 0.998659 0 
vn 0.0862004 0.996278 0 
vn 0.0172606 0.999851 0 
vn 0.0517614 0.998659 0 
vn -0.0172606 0.999851 0 
vn 0.0172606 0.999851 0 
vn -0.0517614 0.998659 0 
vn -0.0172606 0.999851 0 
vn -0.0862004 0.996278 0 
vn -0.0517614 0.998659 0 
vn -0.120537 0.992709 0 
vn -0.0862004 0.996278 0 
vn -0.154729 0.987957 0 
vn -0.120537 0.992709 0 
vn -0.188738 0.982028 0 
vn -0.154729 0.987957 0 
vn -0.222521 0.974928 0 
vn -0.188738 0.982028 0 
vn -0.256039 0.966666 0 
vn -0.222521 0.974928 0 
vn -0.289252 0.957253 0 
vn -0.256039 0.966666 0 
vn -0.32212 0.946699 0 
vn -0.289252 0.957253 0 
vn -0.354605 0.935016 0 
vn -0.32212 0.946699 0 
vn -0.386667 0.92222 0 
vn -0.354605 0.935016 0 
vn -0.418268 0.908324 0 
vn -0.386667 0.92222 0 
vn -0.44937 0.893346 0 
vn -0.418268 0.908324 0 
vn -0.479937 0.877303 0 
vn -0.44937 0.893346 0 
vn -0.509933 0.860214 0 
vn -0.479937 0.877303 0 
vn -0.53932 0.842101 0 
vn -0.509933 0.860214 0 
vn -0.568065 0.822984 0 
vn -0.53932 0.842101 0 
vn -0.596132 0.802886 0 
vn -0.568065 0.822984 0 
vn -0.62349 0.781831 0 
vn -0.596132 0.802886 0 
vn -0.650104 0.759845 0 
vn -0.62349 0.781831 0 
vn -0.675944 0.736953 0 
vn -0.650104 0.759845 0 
vn -0.700978 0.713183 0 
vn -0.675944 0.736953 0 
vn -0.725176 0.688563 0 
vn -0.700978 0.713183 0 
vn -0.748511 0.663123 0 
vn -0.725176 0.688563 0 
vn -0.770953 0.636892 0 
vn -0.748511 0.663123 0 
vn -0.792477 0.609902 0 
vn -0.770953 0.636892 0 
vn -0.813056 0.582185 0 
vn -0.792477 0.609902 0 
vn -0.832666 0.553775 0 
vn -0.813056 0.582185 0 
vn -0.851284 0.524704 0 
vn -0.832666 0.553775 0 
vn -0.868888 0.495009 0 
vn -0.851284 0.524704 0 
vn -0.885456 0.464723 0 
vn -0.868888 0.495009 0 
vn -0.900969 0.433884 0 
vn -0.885456 0.464723 0 
vn -0.915408 0.402527 0 
vn -0.900969 0.433884 0 
vn -0.928756 0.370691 0 
vn -0.915408 0.402527 0 
vn -0.940998 0.338413 0 
vn -0.928756 0.370691 0 
vn -0.952118 0.305732 0 
vn -0.940998 0.338413 0 
vn -0.962103 0.272686 0 
vn -0.952118 0.305732 0 
vn -0.970942 0.239316 0 
vn -0.962103 0.272686 0 
vn -0.978624 0.20566 0 
vn -0.970942 0.239316 0 
vn -0.985139 0.171759 0 
vn -0.978624 0.20566 0 
vn -0.99048 0.137654 0 
vn -0.985139 0.171759 0 
vn -0.994642 0.103384 0 
vn -0.99048 0.137654 0 
vn -0.997617 0.0689911 0 
vn -0.994642 0.103384 0 
vn -0.999404 0.0345161 0 
vn -0.997617 0.0689911 0 
vn -1 -1.22465e-16 0 
vn -0.999404 0.0345161 0 
vn 1 0 0 
vn -1 0 0 
vn 0 1 0 
vn -0.00584413 0.999983 0 
vn -0.0361408 0.999347 0 
vn -0.034438 0.999407 0 
vn -0.0262671 0.999655 0 
vn -0.0722835 0.997384 0 
vn -0.0720088 0.997404 0 
vn -0.0673409 0.99773 0 
vn -0.104561 0.994518 0 
vn -0.110707 0.993853 0 
vn -0.111226 0.993795 0 
vn -0.144509 0.989503 0 
vn -0.149384 0.988779 0 
vn -0.149391 0.988778 0 
vn -0.184439 0.982844 0 
vn -0.187958 0.982177 0 
vn -0.230518 0.973068 0 
vn -0.229721 0.973256 0 
vn -0.188124 0.982145 0 
vn -0.187958 0.982177 0 
vn -0.222821 0.974859 0 
vn -0.272271 0.962221 0 
vn -0.270643 0.96268 0 
vn -0.261618 0.965172 0 
vn -0.313286 0.949659 0 
vn -0.310904 0.950441 0 
vn -0.300578 0.953757 0 
vn -0.353645 0.93538 0 
vn -0.350907 0.93641 0 
vn -0.339 0.940786 0 
vn -0.393349 0.919389 0 
vn -0.388211 0.92157 0 
vn -0.3768 0.926295 0 
vn -0.432352 0.901705 0 
vn -0.427537 0.903998 0 
vn -0.412788 0.910827 0 
vn -0.470576 0.88236 0 
vn -0.465458 0.88507 0 
vn -0.449339 0.893361 0 
vn -0.485016 0.874505 0 
vn -0.507927 0.8614 0 
vn -0.502152 0.864779 0 
vn -0.519966 0.854187 0 
vn -0.544304 0.838888 0 
vn -0.537794 0.843076 0 
vn -0.507927 0.8614 0 
vn -0.554289 0.832325 0 
vn -0.579606 0.814897 0 
vn -0.572491 0.819911 0 
vn -0.544304 0.838888 0 
vn -0.587141 0.809485 0 
vn -0.613736 0.789511 0 
vn -0.606282 0.79525 0 
vn -0.579606 0.814897 0 
vn -0.639141 0.76909 0 
vn -0.613736 0.789511 0 
vn -0.619554 0.784954 0 
vn -0.646606 0.762824 0 
vn -0.67098 0.741476 0 
vn -0.65135 0.758778 0 
vn -0.678134 0.734939 0 
vn -0.701656 0.712516 0 
vn -0.682398 0.730981 0 
vn -0.707107 0.707107 0 
vn -0.712516 0.701656 0 
vn -0.735798 0.677201 0 
vn -0.730981 0.682398 0 
vn -0.707107 0.707107 0 
vn -0.741476 0.67098 0 
vn -0.763008 0.646389 0 
vn -0.758778 0.65135 0 
vn -0.735798 0.677201 0 
vn -0.76909 0.639141 0 
vn -0.788759 0.614702 0 
vn -0.784954 0.619554 0 
vn -0.763008 0.646389 0 
vn -0.79525 0.606282 0 
vn -0.81307 0.582166 0 
vn -0.809485 0.587141 0 
vn -0.788759 0.614702 0 
vn -0.819911 0.572491 0 
vn -0.835948 0.548808 0 
vn -0.832325 0.554289 0 
vn -0.81307 0.582166 0 
vn -0.843076 0.537794 0 
vn -0.857396 0.514658 0 
vn -0.854187 0.519966 0 
vn -0.835948 0.548808 0 
vn -0.864779 0.502152 0 
vn -0.877409 0.479744 0 
vn -0.874505 0.485016 0 
vn -0.857396 0.514658 0 
vn -0.88507 0.465458 0 
vn -0.89598 0.444094 0 
vn -0.893361 0.449339 0 
vn -0.877409 0.479744 0 
vn -0.913097 0.407742 0 
vn -0.910827 0.412788 0 
vn -0.89598 0.444094 0 
vn -0.903998 0.427537 0 
vn -0.928743 0.370724 0 
vn -0.926295 0.3768 0 
vn -0.92157 0.388211 0 
vn -0.942895 0.333091 0 
vn -0.940786 0.339 0 
vn -0.93641 0.350907 0 
vn -0.955525 0.29491 0 
vn -0.953757 0.300578 0 
vn -0.950441 0.310904 0 
vn -0.966603 0.256278 0 
vn -0.965172 0.261618 0 
vn -0.96268 0.270643 0 
vn -0.976098 0.217333 0 
vn -0.974859 0.222821 0 
vn -0.973256 0.229721 0 
vn -0.983981 0.178273 0 
vn -0.982844 0.184439 0 
vn -0.982145 0.188124 0 
vn -0.990238 0.13939 0 
vn -0.989503 0.144509 0 
vn -0.988778 0.149391 0 
vn -0.994872 0.101138 0 
vn -0.994518 0.104561 0 
vn -0.993795 0.111226 0 
vn -0.99793 0.0643065 0 
vn -0.99773 0.0673409 0 
vn -0.997404 0.0720088 0 
vn -0.999704 0.0243248 0 
vn -0.999655 0.0262671 0 
vn -0.999407 0.034438 0 
vn -1 0 0 
vn 0 1 0 
vn 0.00584413 0.999983 0 
vn 0.0361408 0.999347 0 
vn 0.034438 0.999407 0 
vn 0.0262671 0.999655 0 
vn 0.0722835 0.997384 0 
vn 0.0720088 0.997404 0 
vn 0.0673409 0.99773 0 
vn 0.104561 0.994518 0 
vn 0.110707 0.993853 0 
vn 0.111226 0.993795 0 
vn 0.144509 0.989503 0 
vn 0.149384 0.988779 0 
vn 0.149391 0.988778 0 
vn 0.184439 0.982844 0 
vn 0.187958 0.982177 0 
vn 0.230518 0.973068 0 
vn 0.229721 0.973256 0 
vn 0.188124 0.982145 0 
vn 0.187958 0.982177 0 
vn 0.222821 0.974859 0 
vn 0.272271 0.962221 0 
vn 0.270643 0.96268 0 
vn 0.261618 0.965172 0 
vn 0.313286 0.949659 0 
vn 0.310904 0.950441 0 
vn 0.300578 0.953757 0 
vn 0.353645 0.93538 0 
vn 0.350907 0.93641 0 
vn 0.339 0.940786 0 
vn 0.393349 0.919389 0 
vn 0.388211 0.92157 0 
vn 0.3768 0.926295 0 
vn 0.432352 0.901705 0 
vn 0.427537 0.903998 0 
vn 0.412788 0.910827 0 
vn 0.470576 0.88236 0 
vn 0.465458 0.88507 0 
vn 0.449339 0.893361 0 
vn 0.485016 0.874505 0 
vn 0.507927 0.8614 0 
vn 0.502152 0.864779 0 
vn 0.519966 0.854187 0 
vn 0.544304 0.838888 0 
vn 0.537794 0.843076 0 
vn 0.507927 0.8614 0 
vn 0.554289 0.832325 0 
vn 0.579606 0.814897 0 
vn 0.572491 0.819911 0 
vn 0.544304 0.838888 0 
vn 0.587141 0.809485 0 
vn 0.613736 0.789511 0 
vn 0.606282 0.79525 0 
vn 0.579606 0.814897 0 
vn 0.639141 0.76909 0 
vn 0.613736 0.789511 0 
vn 0.619554 0.784954 0 
vn 0.646606 0.762824 0 
vn 0.67098 0.741476 0 
vn 0.65135 0.758778 0 
vn 0.678134 0.734939 0 
vn 0.701656 0.712516 0 
vn 0.682398 0.730981 0 
vn 0.707107 0.707107 0 
vn 0.712516 0.701656 0 
vn 0.735798 0.677201 0 
vn 0.730981 0.682398 0 
vn 0.707107 0.707107 0 
vn 0.741476 0.67098 0 
vn 0.763008 0.646389 0 
vn 0.758778 0.65135 0 
vn 0.735798 0.677201 0 
vn 0.76909 0.639141 0 
vn 0.788759 0.614702 0 
vn 0.784954 0.619554 0 
vn 0.763008 0.646389 0 
vn 0.79525 0.606282 0 
vn 0.81307 0.582166 0 
vn 0.809485 0.587141 0 
vn 0.788759 0.614702 0 
vn 0.819911 0.572491 0 
vn 0.835948 0.548808 0 
vn 0.832325 0.554289 0 
vn 0.81307 0.582166 0 
vn 0.843076 0.537794 0 
vn 0.857396 0.514658 0 
vn 0.854187 0.519966 0 
vn 0.835948 0.548808 0 
vn 0.864779 0.502152 0 
vn 0.877409 0.479744 0 
vn 0.874505 0.485016 0 
vn 0.857396 0.514658 0 
vn 0.88507 0.465458 0 
vn 0.89598 0.444094 0 
vn 0.893361 0.449339 0 
vn 0.877409 0.479744 0 
vn 0.913097 0.407742 0 
vn 0.910827 0.412788 0 
vn 0.89598 0.444094 0 
vn 0.903998 0.427537 0 
vn 0.928743 0.370724 0 
vn 0.926295 0.3768 0 
vn 0.92157 0.388211 0 
vn 0.942895 0.333091 0 
vn 0.940786 0.339 0 
vn 0.93641 0.350907 0 
vn 0.955525 0.29491 0 
vn 0.953757 0.300578 0 
vn 0.950441 0.310904 0 
vn 0.966603 0.256278 0 
vn 0.965172 0.261618 0 
vn 0.96268 0.270643 0 
vn 0.976098 0.217333 0 
vn 0.974859 0.222821 0 
vn 0.973256 0.229721 0 
vn 0.983981 0.178273 0 
vn 0.982844 0.184439 0 
vn 0.982145 0.188124 0 
vn 0.990238 0.13939 0 
vn 0.989503 0.144509 0 
vn 0.988778 0.149391 0 
vn 0.994872 0.101138 0 
vn 0.994518 0.104561 0 
vn 0.993795 0.111226 0 
vn 0.99793 0.0643065 0 
vn 0.99773 0.0673409 0 
vn 0.997404 0.0720088 0 
vn 0.999704 0.0243248 0 
vn 0.999655 0.0262671 0 
vn 0.999407 0.034438 0 
vn 1 0 0 
vn 0 1 0 
vn 0.999999 -0.00154009 0 
vn 1 0 0 
vn 1 -0.000136625 0 
vn 0.999939 -0.0110465 0 
vn 0.999991 -0.00425161 0 
vn 0.999981 -0.00609485 0 
vn 0.999921 -0.0125835 0 
vn 0.999999 -0.00154009 0 
vn 0.999901 -0.0140707 0 
vn 0.999713 -0.0239626 0 
vn 0.999801 -0.0199578 0 
vn 0.999609 -0.0279558 0 
vn 0.999402 -0.0345702 0 
vn 0.99894 -0.0460401 0 
vn 0.999137 -0.0415263 0 
vn 0.999609 -0.0279558 0 
vn 0.99952 -0.0309847 0 
vn 0.997836 -0.0657594 0 
vn 0.998938 -0.0460728 0 
vn 0.998308 -0.0581475 0 
vn 0.997863 -0.06534 0 
vn 0.998606 -0.0527844 0 
vn 0.996246 -0.0865727 0 
vn 0.996935 -0.0782329 0 
vn 0.996618 -0.0821697 0 
vn 0.997516 -0.0704448 0 
vn 0.997836 -0.0657594 0 
vn 0.994571 -0.104063 0 
vn 0.995893 -0.0905393 0 
vn 0.995458 -0.0952023 0 
vn 0.994095 -0.108515 0 
vn 0.99388 -0.110466 0 
vn 0.996246 -0.0865727 0 
vn 0.991319 -0.131476 0 
vn 0.993057 -0.117631 0 
vn 0.992527 -0.122026 0 
vn 0.990881 -0.134742 0 
vn 0.99388 -0.110466 0 
vn 0.987239 -0.159246 0 
vn 0.990754 -0.13567 0 
vn 0.988822 -0.149103 0 
vn 0.989293 -0.145946 0 
vn 0.982945 -0.183898 0 
vn 0.984769 -0.173869 0 
vn 0.984269 -0.176675 0 
vn 0.987139 -0.159861 0 
vn 0.98667 -0.162736 0 
vn 0.987239 -0.159246 0 
vn 0.977993 -0.208638 0 
vn 0.979373 -0.202059 0 
vn 0.978818 -0.204734 0 
vn 0.98218 -0.187942 0 
vn 0.981652 -0.190681 0 
vn 0.982945 -0.183898 0 
vn 0.973104 -0.230365 0 
vn 0.976348 -0.216204 0 
vn 0.975766 -0.218818 0 
vn 0.972571 -0.232605 0 
vn 0.972375 -0.233425 0 
vn 0.977993 -0.208638 0 
vn 0.966083 -0.258232 0 
vn 0.969641 -0.244535 0 
vn 0.969101 -0.246665 0 
vn 0.972375 -0.233425 0 
vn 0.959108 -0.28304 0 
vn 0.962048 -0.272881 0 
vn 0.961457 -0.274954 0 
vn 0.965956 -0.258707 0 
vn 0.965391 -0.260808 0 
vn 0.966083 -0.258232 0 
vn 0.951439 -0.307838 0 
vn 0.95355 -0.301235 0 
vn 0.952908 -0.30326 0 
vn 0.957914 -0.287057 0 
vn 0.957298 -0.289104 0 
vn 0.959108 -0.28304 0 
vn 0.944115 -0.329617 0 
vn 0.948952 -0.31542 0 
vn 0.948347 -0.317235 0 
vn 0.943507 -0.331352 0 
vn 0.943062 -0.332617 0 
vn 0.951439 -0.307838 0 
vn 0.933962 -0.357374 0 
vn 0.939032 -0.34383 0 
vn 0.938421 -0.345494 0 
vn 0.943062 -0.332617 0 
vn 0.92412 -0.382102 0 
vn 0.927897 -0.372838 0 
vn 0.927534 -0.37374 0 
vn 0.933546 -0.358459 0 
vn 0.933098 -0.359621 0 
vn 0.933962 -0.357374 0 
vn 0.913518 -0.406798 0 
vn 0.91601 -0.401156 0 
vn 0.915745 -0.40176 0 
vn 0.922076 -0.387008 0 
vn 0.92172 -0.387857 0 
vn 0.92412 -0.382102 0 
vn 0.902136 -0.431452 0 
vn 0.903112 -0.429405 0 
vn 0.90291 -0.429829 0 
vn 0.909691 -0.415286 0 
vn 0.909479 -0.41575 0 
vn 0.913518 -0.406798 0 
vn 0.889954 -0.456051 0 
vn 0.896265 -0.443518 0 
vn 0.896085 -0.443882 0 
vn 0.902136 -0.431452 0 
vn 0.876952 -0.480578 0 
vn 0.881597 -0.472003 0 
vn 0.889143 -0.457629 0 
vn 0.888997 -0.457913 0 
vn 0.881638 -0.471927 0 
vn 0.889954 -0.456051 0 
vn 0.863114 -0.50501 0 
vn 0.865789 -0.50041 0 
vn 0.873743 -0.486387 0 
vn 0.874065 -0.485808 0 
vn 0.866355 -0.499429 0 
vn 0.848425 -0.529316 0 
vn 0.84905 -0.528313 0 
vn 0.857559 -0.514385 0 
vn 0.858176 -0.513356 0 
vn 0.84972 -0.527235 0 
vn 0.832877 -0.553459 0 
vn 0.840256 -0.54219 0 
vn 0.840983 -0.541062 0 
vn 0.816466 -0.577394 0 
vn 0.8218 -0.569776 0 
vn 0.831174 -0.556013 0 
vn 0.831961 -0.554835 0 
vn 0.82265 -0.568548 0 
vn 0.799197 -0.60107 0 
vn 0.801979 -0.597352 0 
vn 0.812132 -0.583473 0 
vn 0.813137 -0.582072 0 
vn 0.803333 -0.59553 0 
vn 0.781084 -0.624426 0 
vn 0.781153 -0.62434 0 
vn 0.791668 -0.610952 0 
vn 0.793176 -0.608993 0 
vn 0.782734 -0.622357 0 
vn 0.762153 -0.647397 0 
vn 0.770359 -0.63761 0 
vn 0.772011 -0.635609 0 
vn 0.742442 -0.669911 0 
vn 0.761013 -0.648736 0 
vn 0.749748 -0.661723 0 
vn 0.747963 -0.66374 0 
vn 0.759293 -0.650749 0 
vn 0.722002 -0.691891 0 
vn 0.72456 -0.689211 0 
vn 0.736381 -0.676567 0 
vn 0.738226 -0.674553 0 
vn 0.726461 -0.687208 0 
vn 0.742442 -0.669911 0 
vn 0.702295 -0.711886 0 
vn 0.700926 -0.713234 0 
vn 0.712518 -0.701654 0 
vn 0.714482 -0.699653 0 
vn 0.679249 -0.733908 0 
vn 0.687861 -0.725843 0 
vn 0.700294 -0.713855 0 
vn 0.700926 -0.713234 0 
vn 0.689863 -0.72394 0 
vn 0.657081 -0.75382 0 
vn 0.662395 -0.749155 0 
vn 0.664411 -0.747367 0 
vn 0.675216 -0.73762 0 
vn 0.677229 -0.735772 0 
vn 0.634495 -0.772927 0 
vn 0.636295 -0.771446 0 
vn 0.638297 -0.76979 0 
vn 0.649415 -0.760434 0 
vn 0.651428 -0.75871 0 
vn 0.611651 -0.791128 0 
vn 0.611557 -0.7912 0 
vn 0.623048 -0.782183 0 
vn 0.625033 -0.780598 0 
vn 0.588327 -0.808623 0 
vn 0.596233 -0.802812 0 
vn 0.598076 -0.80144 0 
vn 0.60969 -0.79264 0 
vn 0.611557 -0.7912 0 
vn 0.564858 -0.825188 0 
vn 0.569259 -0.822158 0 
vn 0.57049 -0.821305 0 
vn 0.582768 -0.812639 0 
vn 0.584183 -0.811622 0 
vn 0.541198 -0.840895 0 
vn 0.541779 -0.840521 0 
vn 0.54291 -0.839791 0 
vn 0.555549 -0.831484 0 
vn 0.55673 -0.830694 0 
vn 0.517386 -0.855752 0 
vn 0.527955 -0.849272 0 
vn 0.529035 -0.8486 0 
vn 0.493457 -0.86977 0 
vn 0.500154 -0.865936 0 
vn 0.501137 -0.865368 0 
vn 0.514079 -0.857743 0 
vn 0.51511 -0.857124 0 
vn 0.469437 -0.882966 0 
vn 0.472655 -0.881247 0 
vn 0.472765 -0.881188 0 
vn 0.486511 -0.873674 0 
vn 0.487117 -0.873337 0 
vn 0.445349 -0.895357 0 
vn 0.458642 -0.888621 0 
vn 0.458363 -0.888765 0 
vn 0.42121 -0.906963 0 
vn 0.43056 -0.902562 0 
vn 0.430139 -0.902763 0 
vn 0.444252 -0.895902 0 
vn 0.444612 -0.895723 0 
vn 0.445349 -0.895357 0 
vn 0.397031 -0.917805 0 
vn 0.402477 -0.91543 0 
vn 0.40189 -0.915688 0 
vn 0.41602 -0.909355 0 
vn 0.416483 -0.909143 0 
vn 0.42121 -0.906963 0 
vn 0.373575 -0.9276 0 
vn 0.372824 -0.927902 0 
vn 0.374474 -0.927237 0 
vn 0.387744 -0.921767 0 
vn 0.388591 -0.92141 0 
vn 0.397031 -0.917805 0 
vn 0.348596 -0.937273 0 
vn 0.360355 -0.932815 0 
vn 0.359228 -0.93325 0 
vn 0.372824 -0.927902 0 
vn 0.324357 -0.945935 0 
vn 0.332088 -0.943249 0 
vn 0.330354 -0.943857 0 
vn 0.344568 -0.938761 0 
vn 0.346229 -0.93815 0 
vn 0.348596 -0.937273 0 
vn 0.316157 -0.948707 0 
vn 0.301972 -0.953317 0 
vn 0.303997 -0.952673 0 
vn 0.300116 -0.953903 0 
vn 0.317959 -0.948104 0 
vn 0.324357 -0.945935 0 
vn 0.275888 -0.96119 0 
vn 0.28984 -0.957075 0 
vn 0.287793 -0.957693 0 
vn 0.300116 -0.953903 0 
vn 0.251694 -0.967807 0 
vn 0.261543 -0.965192 0 
vn 0.259443 -0.965758 0 
vn 0.273617 -0.961839 0 
vn 0.27569 -0.961247 0 
vn 0.275888 -0.96119 0 
vn 0.22756 -0.973764 0 
vn 0.233319 -0.9724 0 
vn 0.231101 -0.97293 0 
vn 0.245271 -0.969455 0 
vn 0.2474 -0.968913 0 
vn 0.251694 -0.967807 0 
vn 0.20353 -0.979069 0 
vn 0.205465 -0.978665 0 
vn 0.216939 -0.976185 0 
vn 0.22756 -0.973764 0 
vn 0.219551 -0.975601 0 
vn 0.179658 -0.983729 0 
vn 0.202793 -0.979222 0 
vn 0.188674 -0.98204 0 
vn 0.19141 -0.98151 0 
vn 0.156024 -0.987753 0 
vn 0.163458 -0.98655 0 
vn 0.160587 -0.987022 0 
vn 0.174598 -0.98464 0 
vn 0.177402 -0.984139 0 
vn 0.179658 -0.983729 0 
vn 0.146666 -0.989186 0 
vn 0.132731 -0.991152 0 
vn 0.136382 -0.990656 0 
vn 0.156024 -0.987753 0 
vn 0.149793 -0.988717 0 
vn 0.109924 -0.99394 0 
vn 0.132235 -0.991218 0 
vn 0.118341 -0.992973 0 
vn 0.122732 -0.99244 0 
vn 0.104765 -0.994497 0 
vn 0.0912717 -0.995826 0 
vn 0.0958878 -0.995392 0 
vn 0.0877963 -0.996138 0 
vn 0.109213 -0.994018 0 
vn 0.109924 -0.99394 0 
vn 0.0789438 -0.996879 0 
vn 0.0666146 -0.997779 0 
vn 0.0710441 -0.997473 0 
vn 0.0877963 -0.996138 0 
vn 0.0828384 -0.996563 0 
vn 0.0467576 -0.998906 0 
vn 0.066038 -0.997817 0 
vn 0.053459 -0.99857 0 
vn 0.0587888 -0.99827 0 
vn 0.0421671 -0.999111 0 
vn 0.030595 -0.999532 0 
vn 0.0351516 -0.999382 0 
vn 0.0467576 -0.998906 0 
vn 0.0466914 -0.998909 0 
vn -0.999999 -0.00154009 0 
vn -1 0 0 
vn -1 -0.000136618 0 
vn -0.999939 -0.0110465 0 
vn -0.999991 -0.00425161 0 
vn -0.999981 -0.00609484 0 
vn -0.999921 -0.0125835 0 
vn -0.999999 -0.00154009 0 
vn -0.999901 -0.0140706 0 
vn -0.999713 -0.0239626 0 
vn -0.999801 -0.0199578 0 
vn -0.999609 -0.0279558 0 
vn -0.999402 -0.0345702 0 
vn -0.99894 -0.0460401 0 
vn -0.999137 -0.0415263 0 
vn -0.999609 -0.0279558 0 
vn -0.99952 -0.0309847 0 
vn -0.997836 -0.0657594 0 
vn -0.998938 -0.0460727 0 
vn -0.998308 -0.0581475 0 
vn -0.997863 -0.06534 0 
vn -0.998606 -0.0527844 0 
vn -0.996246 -0.0865727 0 
vn -0.996935 -0.0782329 0 
vn -0.996618 -0.0821697 0 
vn -0.997516 -0.0704448 0 
vn -0.997836 -0.0657594 0 
vn -0.994571 -0.104063 0 
vn -0.995893 -0.0905393 0 
vn -0.995458 -0.0952023 0 
vn -0.994095 -0.108515 0 
vn -0.99388 -0.110466 0 
vn -0.996246 -0.0865727 0 
vn -0.991319 -0.131476 0 
vn -0.993057 -0.117631 0 
vn -0.992527 -0.122026 0 
vn -0.990881 -0.134742 0 
vn -0.99388 -0.110466 0 
vn -0.987239 -0.159246 0 
vn -0.990754 -0.13567 0 
vn -0.988822 -0.149103 0 
vn -0.989293 -0.145946 0 
vn -0.982945 -0.183898 0 
vn -0.984769 -0.173869 0 
vn -0.984269 -0.176675 0 
vn -0.987139 -0.159861 0 
vn -0.98667 -0.162736 0 
vn -0.987239 -0.159246 0 
vn -0.977993 -0.208638 0 
vn -0.979373 -0.202059 0 
vn -0.978818 -0.204733 0 
vn -0.98218 -0.187942 0 
vn -0.981652 -0.190681 0 
vn -0.982945 -0.183898 0 
vn -0.973104 -0.230365 0 
vn -0.976348 -0.216204 0 
vn -0.975766 -0.218818 0 
vn -0.972571 -0.232605 0 
vn -0.972375 -0.233425 0 
vn -0.977993 -0.208638 0 
vn -0.966083 -0.258232 0 
vn -0.969641 -0.244535 0 
vn -0.969101 -0.246665 0 
vn -0.972375 -0.233425 0 
vn -0.959108 -0.28304 0 
vn -0.962048 -0.272881 0 
vn -0.961457 -0.274954 0 
vn -0.965956 -0.258707 0 
vn -0.965391 -0.260808 0 
vn -0.966083 -0.258232 0 
vn -0.951439 -0.307838 0 
vn -0.95355 -0.301235 0 
vn -0.952908 -0.30326 0 
vn -0.957914 -0.287057 0 
vn -0.957298 -0.289104 0 
vn -0.959108 -0.28304 0 
vn -0.944115 -0.329617 0 
vn -0.948952 -0.31542 0 
vn -0.948347 -0.317235 0 
vn -0.943507 -0.331352 0 
vn -0.943062 -0.332617 0 
vn -0.951439 -0.307838 0 
vn -0.933962 -0.357374 0 
vn -0.939032 -0.34383 0 
vn -0.938421 -0.345494 0 
vn -0.943062 -0.332617 0 
vn -0.92412 -0.382102 0 
vn -0.927897 -0.372838 0 
vn -0.927534 -0.37374 0 
vn -0.933546 -0.358459 0 
vn -0.933099 -0.359621 0 
vn -0.933962 -0.357374 0 
vn -0.913518 -0.406798 0 
vn -0.91601 -0.401156 0 
vn -0.915745 -0.40176 0 
vn -0.922076 -0.387008 0 
vn -0.92172 -0.387857 0 
vn -0.92412 -0.382102 0 
vn -0.902136 -0.431452 0 
vn -0.903112 -0.429405 0 
vn -0.90291 -0.429829 0 
vn -0.909691 -0.415286 0 
vn -0.909479 -0.41575 0 
vn -0.913518 -0.406798 0 
vn -0.889954 -0.456051 0 
vn -0.896265 -0.443518 0 
vn -0.896085 -0.443882 0 
vn -0.902136 -0.431452 0 
vn -0.876952 -0.480578 0 
vn -0.881597 -0.472003 0 
vn -0.889143 -0.457629 0 
vn -0.888997 -0.457913 0 
vn -0.881638 -0.471927 0 
vn -0.889954 -0.456051 0 
vn -0.863114 -0.50501 0 
vn -0.865789 -0.50041 0 
vn -0.873743 -0.486387 0 
vn -0.874065 -0.485808 0 
vn -0.866355 -0.499429 0 
vn -0.848425 -0.529316 0 
vn -0.84905 -0.528313 0 
vn -0.857559 -0.514385 0 
vn -0.858176 -0.513356 0 
vn -0.84972 -0.527235 0 
vn -0.832877 -0.553459 0 
vn -0.840256 -0.54219 0 
vn -0.840983 -0.541062 0 
vn -0.816466 -0.577394 0 
vn -0.8218 -0.569776 0 
vn -0.831174 -0.556013 0 
vn -0.831961 -0.554835 0 
vn -0.82265 -0.568548 0 
vn -0.799197 -0.60107 0 
vn -0.801979 -0.597352 0 
vn -0.812132 -0.583473 0 
vn -0.813137 -0.582072 0 
vn -0.803333 -0.59553 0 
vn -0.781084 -0.624426 0 
vn -0.781153 -0.62434 0 
vn -0.791668 -0.610952 0 
vn -0.793176 -0.608993 0 
vn -0.782734 -0.622356 0 
vn -0.762153 -0.647397 0 
vn -0.770359 -0.63761 0 
vn -0.772011 -0.635609 0 
vn -0.742442 -0.669911 0 
vn -0.761013 -0.648736 0 
vn -0.749748 -0.661723 0 
vn -0.747963 -0.66374 0 
vn -0.759293 -0.650749 0 
vn -0.722002 -0.691891 0 
vn -0.72456 -0.689211 0 
vn -0.736381 -0.676567 0 
vn -0.738226 -0.674553 0 
vn -0.726461 -0.687208 0 
vn -0.742442 -0.669911 0 
vn -0.702295 -0.711886 0 
vn -0.700926 -0.713234 0 
vn -0.712518 -0.701654 0 
vn -0.714482 -0.699653 0 
vn -0.679249 -0.733908 0 
vn -0.687861 -0.725843 0 
vn -0.700294 -0.713855 0 
vn -0.700926 -0.713234 0 
vn -0.689863 -0.72394 0 
vn -0.657081 -0.75382 0 
vn -0.662395 -0.749155 0 
vn -0.664411 -0.747367 0 
vn -0.675216 -0.73762 0 
vn -0.677229 -0.735772 0 
vn -0.634495 -0.772927 0 
vn -0.636295 -0.771446 0 
vn -0.638297 -0.76979 0 
vn -0.649415 -0.760434 0 
vn -0.651428 -0.75871 0 
vn -0.611651 -0.791128 0 
vn -0.611557 -0.7912 0 
vn -0.623048 -0.782183 0 
vn -0.625033 -0.780598 0 
vn -0.588327 -0.808623 0 
vn -0.596233 -0.802812 0 
vn -0.598076 -0.80144 0 
vn -0.60969 -0.79264 0 
vn -0.611557 -0.7912 0 
vn -0.564858 -0.825188 0 
vn -0.569259 -0.822158 0 
vn -0.57049 -0.821305 0 
vn -0.582768 -0.812639 0 
vn -0.584183 -0.811622 0 
vn -0.541198 -0.840895 0 
vn -0.541779 -0.840521 0 
vn -0.54291 -0.839791 0 
vn -0.555549 -0.831484 0 
vn -0.55673 -0.830694 0 
vn -0.517386 -0.855752 0 
vn -0.527955 -0.849272 0 
vn -0.529035 -0.8486 0 
vn -0.493457 -0.86977 0 
vn -0.500154 -0.865936 0 
vn -0.501137 -0.865368 0 
vn -0.514079 -0.857743 0 
vn -0.51511 -0.857124 0 
vn -0.469437 -0.882966 0 
vn -0.472655 -0.881247 0 
vn -0.472765 -0.881188 0 
vn -0.486511 -0.873674 0 
vn -0.487117 -0.873337 0 
vn -0.445349 -0.895357 0 
vn -0.458642 -0.888621 0 
vn -0.458363 -0.888765 0 
vn -0.42121 -0.906963 0 
vn -0.43056 -0.902562 0 
vn -0.430139 -0.902763 0 
vn -0.444252 -0.895902 0 
vn -0.444612 -0.895723 0 
vn -0.445349 -0.895357 0 
vn -0.397031 -0.917805 0 
vn -0.402477 -0.91543 0 
vn -0.40189 -0.915688 0 
vn -0.41602 -0.909355 0 
vn -0.416483 -0.909143 0 
vn -0.42121 -0.906963 0 
vn -0.373575 -0.9276 0 
vn -0.372824 -0.927902 0 
vn -0.374474 -0.927237 0 
vn -0.387744 -0.921767 0 
vn -0.388591 -0.92141 0 
vn -0.397031 -0.917805 0 
vn -0.348596 -0.937273 0 
vn -0.360355 -0.932815 0 
vn -0.359228 -0.93325 0 
vn -0.372824 -0.927902 0 
vn -0.324357 -0.945935 0 
vn -0.332088 -0.943249 0 
vn -0.330354 -0.943857 0 
vn -0.344568 -0.938761 0 
vn -0.346229 -0.93815 0 
vn -0.348596 -0.937273 0 
vn -0.316157 -0.948707 0 
vn -0.301972 -0.953317 0 
vn -0.303997 -0.952673 0 
vn -0.300116 -0.953903 0 
vn -0.317959 -0.948104 0 
vn -0.324357 -0.945935 0 
vn -0.275888 -0.96119 0 
vn -0.28984 -0.957075 0 
vn -0.287793 -0.957693 0 
vn -0.300116 -0.953903 0 
vn -0.251694 -0.967807 0 
vn -0.261543 -0.965192 0 
vn -0.259443 -0.965758 0 
vn -0.273618 -0.961839 0 
vn -0.27569 -0.961247 0 
vn -0.275888 -0.96119 0 
vn -0.22756 -0.973764 0 
vn -0.233319 -0.9724 0 
vn -0.231101 -0.97293 0 
vn -0.245271 -0.969455 0 
vn -0.2474 -0.968913 0 
vn -0.251694 -0.967807 0 
vn -0.20353 -0.979069 0 
vn -0.205465 -0.978665 0 
vn -0.216939 -0.976185 0 
vn -0.22756 -0.973764 0 
vn -0.219551 -0.975601 0 
vn -0.179658 -0.983729 0 
vn -0.202793 -0.979222 0 
vn -0.188674 -0.98204 0 
vn -0.19141 -0.98151 0 
vn -0.156024 -0.987753 0 
vn -0.163458 -0.98655 0 
vn -0.160587 -0.987022 0 
vn -0.174598 -0.98464 0 
vn -0.177402 -0.984139 0 
vn -0.179658 -0.983729 0 
vn -0.146666 -0.989186 0 
vn -0.132731 -0.991152 0 
vn -0.136382 -0.990656 0 
vn -0.156024 -0.987753 0 
vn -0.149793 -0.988717 0 
vn -0.109924 -0.99394 0 
vn -0.132235 -0.991218 0 
vn -0.118341 -0.992973 0 
vn -0.122732 -0.99244 0 
vn -0.104765 -0.994497 0 
vn -0.0912717 -0.995826 0 
vn -0.0958878 -0.995392 0 
vn -0.0877963 -0.996138 0 
vn -0.109213 -0.994018 0 
vn -0.109924 -0.99394 0 
vn -0.0789438 -0.996879 0 
vn -0.0666146 -0.997779 0 
vn -0.0710441 -0.997473 0 
vn -0.0877963 -0.996138 0 
vn -0.0828384 -0.996563 0 
vn -0.0467576 -0.998906 0 
vn -0.066038 -0.997817 0 
vn -0.0534591 -0.99857 0 
vn -0.0587888 -0.99827 0 
vn -0.0421671 -0.999111 0 
vn -0.0305951 -0.999532 0 
vn -0.0351516 -0.999382 0 
vn -0.0466914 -0.998909 0 
vn -0.0467576 -0.998906 0 
vn -0.0305951 -0.999532 0 
vn 0 0 -1 
vn -1 0 0 
vn -0.999983 0.00584413 0 
vn -0.999347 0.0361408 0 
vn -0.999407 0.034438 0 
vn -0.999655 0.0262671 0 
vn -0.997384 0.0722835 0 
vn -0.997404 0.0720088 0 
vn -0.99773 0.0673409 0 
vn -0.994518 0.104561 0 
vn -0.993853 0.110707 0 
vn -0.993795 0.111226 0 
vn -0.989503 0.144509 0 
vn -0.988779 0.149384 0 
vn -0.988778 0.149391 0 
vn -0.982844 0.184439 0 
vn -0.982177 0.187958 0 
vn -0.973068 0.230518 0 
vn -0.973256 0.229721 0 
vn -0.982145 0.188124 0 
vn -0.982177 0.187958 0 
vn -0.974859 0.222821 0 
vn -0.962221 0.272271 0 
vn -0.96268 0.270643 0 
vn -0.965172 0.261618 0 
vn -0.949659 0.313286 0 
vn -0.950441 0.310904 0 
vn -0.953757 0.300578 0 
vn -0.93538 0.353645 0 
vn -0.93641 0.350907 0 
vn -0.940786 0.339 0 
vn -0.919389 0.393349 0 
vn -0.92157 0.388211 0 
vn -0.926295 0.3768 0 
vn -0.901705 0.432352 0 
vn -0.903998 0.427537 0 
vn -0.910827 0.412788 0 
vn -0.88236 0.470576 0 
vn -0.88507 0.465458 0 
vn -0.893361 0.449339 0 
vn -0.874505 0.485016 0 
vn -0.8614 0.507927 0 
vn -0.864779 0.502152 0 
vn -0.854187 0.519966 0 
vn -0.838888 0.544304 0 
vn -0.843076 0.537794 0 
vn -0.8614 0.507927 0 
vn -0.832325 0.554289 0 
vn -0.814897 0.579606 0 
vn -0.819911 0.572491 0 
vn -0.838888 0.544304 0 
vn -0.809485 0.587141 0 
vn -0.789511 0.613736 0 
vn -0.79525 0.606282 0 
vn -0.814897 0.579606 0 
vn -0.76909 0.639141 0 
vn -0.789511 0.613736 0 
vn -0.784954 0.619554 0 
vn -0.762824 0.646606 0 
vn -0.741476 0.67098 0 
vn -0.758778 0.65135 0 
vn -0.734939 0.678134 0 
vn -0.712516 0.701656 0 
vn -0.730981 0.682398 0 
vn -0.707107 0.707107 0 
vn -0.701656 0.712516 0 
vn -0.677201 0.735798 0 
vn -0.682398 0.730981 0 
vn -0.707107 0.707107 0 
vn -0.67098 0.741476 0 
vn -0.646389 0.763008 0 
vn -0.65135 0.758778 0 
vn -0.677201 0.735798 0 
vn -0.639141 0.76909 0 
vn -0.614702 0.788759 0 
vn -0.619554 0.784954 0 
vn -0.646389 0.763008 0 
vn -0.606282 0.79525 0 
vn -0.582166 0.81307 0 
vn -0.587141 0.809485 0 
vn -0.614702 0.788759 0 
vn -0.572491 0.819911 0 
vn -0.548808 0.835948 0 
vn -0.554289 0.832325 0 
vn -0.582166 0.81307 0 
vn -0.537794 0.843076 0 
vn -0.514658 0.857396 0 
vn -0.519966 0.854187 0 
vn -0.548808 0.835948 0 
vn -0.502152 0.864779 0 
vn -0.479744 0.877409 0 
vn -0.485016 0.874505 0 
vn -0.514658 0.857396 0 
vn -0.465458 0.88507 0 
vn -0.444094 0.89598 0 
vn -0.449339 0.893361 0 
vn -0.479744 0.877409 0 
vn -0.407742 0.913097 0 
vn -0.412788 0.910827 0 
vn -0.444094 0.89598 0 
vn -0.427537 0.903998 0 
vn -0.370724 0.928743 0 
vn -0.3768 0.926295 0 
vn -0.388211 0.92157 0 
vn -0.333091 0.942895 0 
vn -0.339 0.940786 0 
vn -0.350907 0.93641 0 
vn -0.29491 0.955525 0 
vn -0.300578 0.953757 0 
vn -0.310904 0.950441 0 
vn -0.256278 0.966603 0 
vn -0.261618 0.965172 0 
vn -0.270643 0.96268 0 
vn -0.217333 0.976098 0 
vn -0.222821 0.974859 0 
vn -0.229721 0.973256 0 
vn -0.178273 0.983981 0 
vn -0.184439 0.982844 0 
vn -0.188124 0.982145 0 
vn -0.13939 0.990238 0 
vn -0.144509 0.989503 0 
vn -0.149391 0.988778 0 
vn -0.101138 0.994872 0 
vn -0.104561 0.994518 0 
vn -0.111226 0.993795 0 
vn -0.0643065 0.99793 0 
vn -0.0673409 0.99773 0 
vn -0.0720088 0.997404 0 
vn -0.0243248 0.999704 0 
vn -0.0262671 0.999655 0 
vn -0.034438 0.999407 0 
vn 0 1 0 
vn -1 0 0 
vn 1 0 0 
vn 0.999983 0.00584413 0 
vn 0.999347 0.0361408 0 
vn 0.999407 0.034438 0 
vn 0.999655 0.0262671 0 
vn 0.997384 0.0722835 0 
vn 0.997404 0.0720088 0 
vn 0.99773 0.0673409 0 
vn 0.994518 0.104561 0 
vn 0.993853 0.110707 0 
vn 0.993795 0.111226 0 
vn 0.989503 0.144509 0 
vn 0.988779 0.149384 0 
vn 0.988778 0.149391 0 
vn 0.982844 0.184439 0 
vn 0.982177 0.187958 0 
vn 0.973068 0.230518 0 
vn 0.973256 0.229721 0 
vn 0.982145 0.188124 0 
vn 0.982177 0.187958 0 
vn 0.974859 0.222821 0 
vn 0.962221 0.272271 0 
vn 0.96268 0.270643 0 
vn 0.965172 0.261618 0 
vn 0.949659 0.313286 0 
vn 0.950441 0.310904 0 
vn 0.953757 0.300578 0 
vn 0.93538 0.353645 0 
vn 0.93641 0.350907 0 
vn 0.940786 0.339 0 
vn 0.919389 0.393349 0 
vn 0.92157 0.388211 0 
vn 0.926295 0.3768 0 
vn 0.901705 0.432352 0 
vn 0.903998 0.427537 0 
vn 0.910827 0.412788 0 
vn 0.88236 0.470576 0 
vn 0.88507 0.465458 0 
vn 0.893361 0.449339 0 
vn 0.874505 0.485016 0 
vn 0.8614 0.507927 0 
vn 0.864779 0.502152 0 
vn 0.854187 0.519966 0 
vn 0.838888 0.544304 0 
vn 0.843076 0.537794 0 
vn 0.8614 0.507927 0 
vn 0.832325 0.554289 0 
vn 0.814897 0.579606 0 
vn 0.819911 0.572491 0 
vn 0.838888 0.544304 0 
vn 0.809485 0.587141 0 
vn 0.789511 0.613736 0 
vn 0.79525 0.606282 0 
vn 0.814897 0.579606 0 
vn 0.76909 0.639141 0 
vn 0.789511 0.613736 0 
vn 0.784954 0.619554 0 
vn 0.762824 0.646606 0 
vn 0.741476 0.67098 0 
vn 0.758778 0.65135 0 
vn 0.734939 0.678134 0 
vn 0.712516 0.701656 0 
vn 0.730981 0.682398 0 
vn 0.707107 0.707107 0 
vn 0.701656 0.712516 0 
vn 0.677201 0.735798 0 
vn 0.682398 0.730981 0 
vn 0.707107 0.707107 0 
vn 0.67098 0.741476 0 
vn 0.646389 0.763008 0 
vn 0.65135 0.758778 0 
vn 0.677201 0.735798 0 
vn 0.639141 0.76909 0 
vn 0.614702 0.788759 0 
vn 0.619554 0.784954 0 
vn 0.646389 0.763008 0 
vn 0.606282 0.79525 0 
vn 0.582166 0.81307 0 
vn 0.587141 0.809485 0 
vn 0.614702 0.788759 0 
vn 0.572491 0.819911 0 
vn 0.548808 0.835948 0 
vn 0.554289 0.832325 0 
vn 0.582166 0.81307 0 
vn 0.537794 0.843076 0 
vn 0.514658 0.857396 0 
vn 0.519966 0.854187 0 
vn 0.548808 0.835948 0 
vn 0.502152 0.864779 0 
vn 0.479744 0.877409 0 
vn 0.485016 0.874505 0 
vn 0.514658 0.857396 0 
vn 0.465458 0.88507 0 
vn 0.444094 0.89598 0 
vn 0.449339 0.893361 0 
vn 0.479744 0.877409 0 
vn 0.407742 0.913097 0 
vn 0.412788 0.910827 0 
vn 0.444094 0.89598 0 
vn 0.427537 0.903998 0 
vn 0.370724 0.928743 0 
vn 0.3768 0.926295 0 
vn 0.388211 0.92157 0 
vn 0.333091 0.942895 0 
vn 0.339 0.940786 0 
vn 0.350907 0.93641 0 
vn 0.29491 0.955525 0 
vn 0.300578 0.953757 0 
vn 0.310904 0.950441 0 
vn 0.256278 0.966603 0 
vn 0.261618 0.965172 0 
vn 0.270643 0.96268 0 
vn 0.217333 0.976098 0 
vn 0.222821 0.974859 0 
vn 0.229721 0.973256 0 
vn 0.178273 0.983981 0 
vn 0.184439 0.982844 0 
vn 0.188124 0.982145 0 
vn 0.13939 0.990238 0 
vn 0.144509 0.989503 0 
vn 0.149391 0.988778 0 
vn 0.101138 0.994872 0 
vn 0.104561 0.994518 0 
vn 0.111226 0.993795 0 
vn 0.0643065 0.99793 0 
vn 0.0673409 0.99773 0 
vn 0.0720088 0.997404 0 
vn 0.0243248 0.999704 0 
vn 0.0262671 0.999655 0 
vn 0.034438 0.999407 0 
vn 0 1 0 
vn 1 0 0 
vn 0 0 1 
vn -1 0 0 
vn 1 0 0 
vn 0 1 0 
vn 0 0 1 
vn 0 -0.965926 0.258819 
usemtl 0.615686_0.811765_0.929412_0.000000_0.000000
o mesh0
f 1//1 2//2 3//2 
f 4//3 1//1 5//4 
f 6//5 4//3 7//6 
f 8//7 6//5 9//8 
f 10//9 8//7 11//10 
f 12//11 10//9 13//12 
f 14//13 12//11 15//14 
f 16//15 14//13 17//16 
f 18//17 16//15 19//18 
f 20//19 18//17 21//20 
f 22//21 20//19 23//22 
f 24//23 22//21 25//24 
f 26//25 24//23 27//26 
f 28//27 26//25 29//28 
f 30//29 28//27 31//30 
f 32//31 30//29 33//32 
f 34//33 32//31 35//34 
f 36//35 34//33 37//36 
f 38//37 36//35 39//38 
f 40//39 38//37 41//40 
f 42//41 40//39 43//42 
f 44//43 42//41 45//44 
f 46//45 44//43 47//46 
f 48//47 46//45 49//48 
f 50//49 48//47 51//50 
f 52//51 50//49 53//52 
f 54//53 52//51 55//54 
f 56//55 54//53 57//56 
f 58//57 56//55 59//58 
f 60//59 58//57 61//60 
f 62//61 60//59 63//62 
f 64//63 62//61 65//64 
f 66//65 64//63 67//66 
f 68//67 66//65 69//68 
f 70//69 68//67 71//70 
f 72//71 70//69 73//72 
f 74//73 72//71 75//74 
f 76//75 74//73 77//76 
f 78//77 76//75 79//78 
f 80//79 78//77 81//80 
f 82//81 80//79 83//82 
f 84//83 82//81 85//84 
f 86//85 84//83 87//86 
f 88//87 86//85 89//88 
f 90//89 88//87 91//90 
f 92//91 90//89 93//92 
f 94//93 92//91 95//94 
f 96//95 94//93 97//96 
f 98//97 96//95 99//98 
f 100//99 98//97 101//100 
f 102//101 100//99 103//102 
f 104//103 102//101 105//104 
f 106//105 104//103 107//106 
f 108//107 106//105 109//108 
f 110//109 108//107 111//110 
f 112//111 110//109 113//112 
f 114//113 112//111 115//114 
f 116//115 114//113 117//116 
f 118//117 116//115 119//118 
f 120//119 118//117 121//120 
f 122//121 120//119 123//122 
f 124//123 122//121 125//124 
f 126//125 124//123 127//126 
f 128//127 126//125 129//128 
f 130//129 128//127 131//130 
f 132//131 130//129 133//132 
f 134//133 132//131 135//134 
f 136//135 134//133 137//136 
f 138//137 136//135 139//138 
f 140//139 138//137 141//140 
f 142//141 140//139 143//142 
f 144//143 142//141 145//144 
f 146//145 144//143 147//146 
f 148//147 146//145 149//148 
f 150//149 148//147 151//150 
f 152//151 150//149 153//152 
f 154//153 152//151 155//154 
f 156//155 154//153 157//156 
f 158//157 156//155 159//158 
f 160//159 158//157 161//160 
f 162//161 160//159 163//162 
f 164//163 162//161 165//164 
f 166//165 164//163 167//166 
f 168//167 166//165 169//168 
f 170//169 168//167 171//170 
f 172//171 170//169 173//172 
f 174//173 172//171 175//174 
f 176//175 174//173 177//176 
f 178//177 176//175 179//178 
f 180//179 178//177 181//180 
f 182//181 180//179 183//182 
f 183//182 184//181 182//181 
f 181//180 183//182 180//179 
f 179//178 181//180 178//177 
f 177//176 179//178 176//175 
f 175//174 177//176 174//173 
f 173//172 175//174 172//171 
f 171//170 173//172 170//169 
f 169//168 171//170 168//167 
f 167//166 169//168 166//165 
f 165//164 167//166 164//163 
f 163//162 165//164 162//161 
f 161//160 163//162 160//159 
f 159//158 161//160 158//157 
f 157//156 159//158 156//155 
f 155//154 157//156 154//153 
f 153//152 155//154 152//151 
f 151//150 153//152 150//149 
f 149//148 151//150 148//147 
f 147//146 149//148 146//145 
f 145//144 147//146 144//143 
f 143//142 145//144 142//141 
f 141//140 143//142 140//139 
f 139//138 141//140 138//137 
f 137//136 139//138 136//135 
f 135//134 137//136 134//133 
f 133//132 135//134 132//131 
f 131//130 133//132 130//129 
f 129//128 131//130 128//127 
f 127//126 129//128 126//125 
f 125//124 127//126 124//123 
f 123//122 125//124 122//121 
f 121//120 123//122 120//119 
f 119//118 121//120 118//117 
f 117//116 119//118 116//115 
f 115//114 117//116 114//113 
f 113//112 115//114 112//111 
f 111//110 113//112 110//109 
f 109//108 111//110 108//107 
f 107//106 109//108 106//105 
f 105//104 107//106 104//103 
f 103//102 105//104 102//101 
f 101//100 103//102 100//99 
f 99//98 101//100 98//97 
f 97//96 99//98 96//95 
f 95//94 97//96 94//93 
f 93//92 95//94 92//91 
f 91//90 93//92 90//89 
f 89//88 91//90 88//87 
f 87//86 89//88 86//85 
f 85//84 87//86 84//83 
f 83//82 85//84 82//81 
f 81//80 83//82 80//79 
f 79//78 81//80 78//77 
f 77//76 79//78 76//75 
f 75//74 77//76 74//73 
f 73//72 75//74 72//71 
f 71//70 73//72 70//69 
f 69//68 71//70 68//67 
f 67//66 69//68 66//65 
f 65//64 67//66 64//63 
f 63//62 65//64 62//61 
f 61//60 63//62 60//59 
f 59//58 61//60 58//57 
f 57//56 59//58 56//55 
f 55//54 57//56 54//53 
f 53//52 55//54 52//51 
f 51//50 53//52 50//49 
f 49//48 51//50 48//47 
f 47//46 49//48 46//45 
f 45//44 47//46 44//43 
f 43//42 45//44 42//41 
f 41//40 43//42 40//39 
f 39//38 41//40 38//37 
f 37//36 39//38 36//35 
f 35//34 37//36 34//33 
f 33//32 35//34 32//31 
f 31//30 33//32 30//29 
f 29//28 31//30 28//27 
f 27//26 29//28 26//25 
f 25//24 27//26 24//23 
f 23//22 25//24 22//21 
f 21//20 23//22 20//19 
f 19//18 21//20 18//17 
f 17//16 19//18 16//15 
f 15//14 17//16 14//13 
f 13//12 15//14 12//11 
f 11//10 13//12 10//9 
f 9//8 11//10 8//7 
f 7//6 9//8 6//5 
f 5//4 7//6 4//3 
f 3//2 5//4 1//1 
o mesh1
f 3//183 2//183 185//183 
f 185//183 186//183 3//183 
o mesh2
f 182//184 184//184 187//184 
f 187//184 188//184 182//184 
o mesh3
f 189//185 190//186 191//186 
f 192//187 193//187 194//188 
f 191//186 190//186 195//189 
f 195//189 194//188 191//186 
f 196//190 197//190 198//191 
f 193//187 192//187 199//192 
f 199//192 198//191 193//187 
f 197//190 196//190 200//193 
f 200//193 201//194 197//190 
f 202//195 203//194 204//196 
f 204//196 205//197 202//195 
f 202//195 201//194 203//194 
f 206//198 207//197 208//199 
f 208//199 209//200 206//198 
f 206//198 205//197 207//197 
f 210//201 211//201 212//202 
f 213//203 214//204 215//205 
f 215//205 212//202 213//203 
f 213//203 209//200 214//204 
f 216//206 217//206 218//207 
f 211//201 210//201 219//208 
f 219//208 218//207 211//201 
f 220//209 221//209 222//210 
f 217//206 216//206 223//211 
f 223//211 222//210 217//206 
f 224//212 225//212 226//213 
f 221//209 220//209 227//214 
f 227//214 226//213 221//209 
f 228//215 229//215 230//216 
f 225//212 224//212 231//217 
f 231//217 230//216 225//212 
f 232//218 233//218 234//219 
f 229//215 228//215 235//220 
f 235//220 234//219 229//215 
f 236//221 237//221 238//222 
f 233//218 232//218 239//223 
f 239//223 238//222 233//218 
f 240//224 241//225 242//226 
f 242//226 236//221 240//224 
f 242//226 237//221 236//221 
f 243//227 244//228 245//229 
f 245//229 246//230 243//227 
f 245//229 241//225 246//230 
f 247//231 248//232 249//233 
f 249//233 250//234 247//231 
f 249//233 244//228 250//234 
f 251//235 252//236 253//237 
f 253//237 254//238 251//235 
f 253//237 248//232 254//238 
f 255//239 256//240 257//241 
f 257//241 258//242 255//239 
f 255//239 252//236 256//240 
f 259//243 260//242 261//244 
f 261//244 262//245 259//243 
f 259//243 258//242 260//242 
f 263//246 264//245 265//247 
f 265//247 266//248 263//246 
f 263//246 262//245 264//245 
f 267//249 268//250 269//251 
f 269//251 270//252 267//249 
f 269//251 266//248 270//252 
f 271//253 272//254 273//255 
f 273//255 274//256 271//253 
f 273//255 268//250 274//256 
f 275//257 276//258 277//259 
f 277//259 278//260 275//257 
f 277//259 272//254 278//260 
f 279//261 280//262 281//263 
f 281//263 282//264 279//261 
f 281//263 276//258 282//264 
f 283//265 284//266 285//267 
f 285//267 286//268 283//265 
f 285//267 280//262 286//268 
f 287//269 288//270 289//271 
f 289//271 290//272 287//269 
f 289//271 284//266 290//272 
f 291//273 292//274 293//275 
f 293//275 294//276 291//273 
f 293//275 288//270 294//276 
f 295//277 296//278 297//279 
f 297//279 298//280 295//277 
f 297//279 292//274 298//280 
f 299//281 300//281 301//282 
f 296//278 302//283 303//284 
f 303//284 301//282 296//278 
f 304//285 305//285 306//286 
f 300//281 299//281 307//287 
f 307//287 306//286 300//281 
f 308//288 309//288 310//289 
f 305//285 304//285 311//290 
f 311//290 310//289 305//285 
f 312//291 313//291 314//292 
f 309//288 308//288 315//293 
f 315//293 314//292 309//288 
f 316//294 317//294 318//295 
f 313//291 312//291 319//296 
f 319//296 318//295 313//291 
f 320//297 321//297 322//298 
f 317//294 316//294 323//299 
f 323//299 322//298 317//294 
f 324//300 325//300 326//301 
f 321//297 320//297 327//302 
f 327//302 326//301 321//297 
f 328//303 329//303 330//304 
f 325//300 324//300 331//305 
f 331//305 330//304 325//300 
f 332//306 333//306 334//307 
f 329//303 328//303 335//308 
f 335//308 334//307 329//303 
f 336//309 337//309 338//310 
f 333//306 332//306 339//311 
f 339//311 338//310 333//306 
f 340//312 341//312 342//313 
f 337//309 336//309 343//314 
f 343//314 342//313 337//309 
f 187//315 341//312 340//312 
f 340//312 188//315 187//315 
f 342//313 343//314 340//312 
f 338//310 339//311 336//309 
f 334//307 335//308 332//306 
f 330//304 331//305 328//303 
f 326//301 327//302 324//300 
f 322//298 323//299 320//297 
f 318//295 319//296 316//294 
f 314//292 315//293 312//291 
f 310//289 311//290 308//288 
f 306//286 307//287 304//285 
f 301//282 303//284 299//281 
f 295//277 302//283 296//278 
f 291//273 298//280 292//274 
f 287//269 294//276 288//270 
f 283//265 290//272 284//266 
f 279//261 286//268 280//262 
f 275//257 282//264 276//258 
f 271//253 278//260 272//254 
f 267//249 274//256 268//250 
f 265//247 270//252 266//248 
f 261//244 264//245 262//245 
f 257//241 260//242 258//242 
f 251//235 256//240 252//236 
f 247//231 254//238 248//232 
f 243//227 250//234 244//228 
f 240//224 246//230 241//225 
f 238//222 239//223 236//221 
f 234//219 235//220 232//218 
f 230//216 231//217 228//215 
f 226//213 227//214 224//212 
f 222//210 223//211 220//209 
f 218//207 219//208 216//206 
f 212//202 215//205 210//201 
f 208//199 214//204 209//200 
f 204//196 207//197 205//197 
f 200//193 203//194 201//194 
f 198//191 199//192 196//190 
f 194//188 195//189 192//187 
f 191//186 344//316 189//185 
o mesh4
f 344//316 345//317 346//317 
f 347//318 348//318 349//319 
f 346//317 345//317 350//320 
f 350//320 349//319 346//317 
f 351//321 352//321 353//322 
f 348//318 347//318 354//323 
f 354//323 353//322 348//318 
f 352//321 351//321 355//324 
f 355//324 356//325 352//321 
f 357//326 358//325 359//327 
f 359//327 360//328 357//326 
f 357//326 356//325 358//325 
f 361//329 362//328 363//330 
f 363//330 364//331 361//329 
f 361//329 360//328 362//328 
f 365//332 366//332 367//333 
f 368//334 369//335 370//336 
f 370//336 367//333 368//334 
f 368//334 364//331 369//335 
f 371//337 372//337 373//338 
f 366//332 365//332 374//339 
f 374//339 373//338 366//332 
f 375//340 376//340 377//341 
f 372//337 371//337 378//342 
f 378//342 377//341 372//337 
f 379//343 380//343 381//344 
f 376//340 375//340 382//345 
f 382//345 381//344 376//340 
f 383//346 384//346 385//347 
f 380//343 379//343 386//348 
f 386//348 385//347 380//343 
f 387//349 388//349 389//350 
f 384//346 383//346 390//351 
f 390//351 389//350 384//346 
f 391//352 392//352 393//353 
f 388//349 387//349 394//354 
f 394//354 393//353 388//349 
f 395//355 396//356 397//357 
f 397//357 391//352 395//355 
f 397//357 392//352 391//352 
f 398//358 399//359 400//360 
f 400//360 401//361 398//358 
f 400//360 396//356 401//361 
f 402//362 403//363 404//364 
f 404//364 405//365 402//362 
f 404//364 399//359 405//365 
f 406//366 407//367 408//368 
f 408//368 409//369 406//366 
f 408//368 403//363 409//369 
f 410//370 411//371 412//372 
f 412//372 413//373 410//370 
f 410//370 407//367 411//371 
f 414//374 415//373 416//375 
f 416//375 417//376 414//374 
f 414//374 413//373 415//373 
f 418//377 419//376 420//378 
f 420//378 421//379 418//377 
f 418//377 417//376 419//376 
f 422//380 423//381 424//382 
f 424//382 425//383 422//380 
f 424//382 421//379 425//383 
f 426//384 427//385 428//386 
f 428//386 429//387 426//384 
f 428//386 423//381 429//387 
f 430//388 431//389 432//390 
f 432//390 433//391 430//388 
f 432//390 427//385 433//391 
f 434//392 435//393 436//394 
f 436//394 437//395 434//392 
f 436//394 431//389 437//395 
f 438//396 439//397 440//398 
f 440//398 441//399 438//396 
f 440//398 435//393 441//399 
f 442//400 443//401 444//402 
f 444//402 445//403 442//400 
f 444//402 439//397 445//403 
f 446//404 447//405 448//406 
f 448//406 449//407 446//404 
f 448//406 443//401 449//407 
f 450//408 451//409 452//410 
f 452//410 453//411 450//408 
f 452//410 447//405 453//411 
f 454//412 455//412 456//413 
f 451//409 457//414 458//415 
f 458//415 456//413 451//409 
f 459//416 460//416 461//417 
f 455//412 454//412 462//418 
f 462//418 461//417 455//412 
f 463//419 464//419 465//420 
f 460//416 459//416 466//421 
f 466//421 465//420 460//416 
f 467//422 468//422 469//423 
f 464//419 463//419 470//424 
f 470//424 469//423 464//419 
f 471//425 472//425 473//426 
f 468//422 467//422 474//427 
f 474//427 473//426 468//422 
f 475//428 476//428 477//429 
f 472//425 471//425 478//430 
f 478//430 477//429 472//425 
f 479//431 480//431 481//432 
f 476//428 475//428 482//433 
f 482//433 481//432 476//428 
f 483//434 484//434 485//435 
f 480//431 479//431 486//436 
f 486//436 485//435 480//431 
f 487//437 488//437 489//438 
f 484//434 483//434 490//439 
f 490//439 489//438 484//434 
f 491//440 492//440 493//441 
f 488//437 487//437 494//442 
f 494//442 493//441 488//437 
f 495//443 496//443 497//444 
f 492//440 491//440 498//445 
f 498//445 497//444 492//440 
f 499//446 496//443 495//443 
f 495//443 500//446 499//446 
f 497//444 498//445 495//443 
f 493//441 494//442 491//440 
f 489//438 490//439 487//437 
f 485//435 486//436 483//434 
f 481//432 482//433 479//431 
f 477//429 478//430 475//428 
f 473//426 474//427 471//425 
f 469//423 470//424 467//422 
f 465//420 466//421 463//419 
f 461//417 462//418 459//416 
f 456//413 458//415 454//412 
f 450//408 457//414 451//409 
f 446//404 453//411 447//405 
f 442//400 449//407 443//401 
f 438//396 445//403 439//397 
f 434//392 441//399 435//393 
f 430//388 437//395 431//389 
f 426//384 433//391 427//385 
f 422//380 429//387 423//381 
f 420//378 425//383 421//379 
f 416//375 419//376 417//376 
f 412//372 415//373 413//373 
f 406//366 411//371 407//367 
f 402//362 409//369 403//363 
f 398//358 405//365 399//359 
f 395//355 401//361 396//356 
f 393//353 394//354 391//352 
f 389//350 390//351 387//349 
f 385//347 386//348 383//346 
f 381//344 382//345 379//343 
f 377//341 378//342 375//340 
f 373//338 374//339 371//337 
f 367//333 370//336 365//332 
f 363//330 369//335 364//331 
f 359//327 362//328 360//328 
f 355//324 358//325 356//325 
f 353//322 354//323 351//321 
f 349//319 350//320 347//318 
f 346//317 189//447 344//316 
o mesh5
f 501//446 502//446 499//446 
f 499//446 500//446 501//446 
o mesh6
f 503//448 502//449 504//450 
f 502//449 501//449 504//450 
f 505//451 506//452 507//453 
f 508//454 509//454 505//451 
f 510//455 507//453 506//452 
f 506//452 503//448 510//455 
f 511//456 512//457 513//458 
f 512//457 514//459 513//458 
f 513//458 509//454 511//456 
f 509//454 508//454 511//456 
f 515//460 516//461 517//462 
f 516//461 518//461 517//462 
f 519//463 515//460 520//464 
f 520//464 514//459 519//463 
f 521//465 522//466 523//467 
f 516//461 524//468 525//469 
f 524//468 516//461 522//466 
f 522//466 521//465 524//468 
f 525//469 518//461 516//461 
f 526//470 527//471 528//472 
f 527//471 521//465 529//473 
f 529//473 528//472 527//471 
f 521//465 530//474 529//473 
f 531//475 532//476 533//477 
f 534//478 535//479 531//475 
f 533//477 534//478 531//475 
f 536//480 533//477 532//476 
f 532//476 526//470 536//480 
f 537//481 538//482 539//483 
f 540//484 541//484 537//481 
f 542//485 539//483 538//482 
f 538//482 535//479 542//485 
f 543//486 544//487 545//488 
f 541//484 540//484 544//487 
f 544//487 543//486 546//489 
f 544//487 546//489 541//484 
f 547//490 548//491 549//492 
f 548//491 550//493 551//494 
f 551//494 549//492 548//491 
f 552//495 551//494 550//493 
f 550//493 543//486 552//495 
f 553//496 554//497 555//498 
f 554//497 556//499 557//500 
f 557//500 555//498 554//497 
f 558//501 557//500 556//499 
f 556//499 547//490 558//501 
f 559//502 560//503 561//504 
f 562//505 563//506 559//502 
f 561//504 562//505 559//502 
f 564//507 561//504 560//503 
f 560//503 553//496 564//507 
f 565//508 566//509 567//510 
f 568//511 567//510 566//509 
f 566//509 563//506 568//511 
f 569//512 570//513 571//514 
f 570//513 572//515 573//516 
f 573//516 571//514 570//513 
f 574//517 573//516 572//515 
f 572//515 565//508 574//517 
f 575//518 576//519 577//520 
f 576//519 578//521 579//522 
f 579//522 577//520 576//519 
f 580//523 579//522 578//521 
f 578//521 569//512 580//523 
f 581//524 582//525 583//526 
f 584//527 585//528 581//524 
f 583//526 584//527 581//524 
f 586//529 583//526 582//525 
f 582//525 575//518 586//529 
f 587//530 588//531 589//532 
f 590//533 589//532 588//531 
f 588//531 585//528 590//533 
f 591//534 592//535 593//536 
f 592//535 594//537 595//538 
f 595//538 593//536 592//535 
f 596//539 595//538 594//537 
f 594//537 587//530 596//539 
f 597//540 598//541 599//542 
f 598//541 600//543 601//544 
f 601//544 599//542 598//541 
f 602//545 601//544 600//543 
f 600//543 591//534 602//545 
f 603//546 604//547 605//548 
f 604//547 606//549 607//550 
f 607//550 605//548 604//547 
f 608//551 607//550 606//549 
f 606//549 597//540 608//551 
f 609//552 610//553 611//554 
f 612//555 611//554 610//553 
f 610//553 603//546 612//555 
f 613//556 614//556 615//557 
f 615//557 616//558 617//559 
f 617//559 618//560 615//557 
f 619//561 617//559 616//558 
f 616//558 609//552 619//561 
f 620//562 621//562 622//563 
f 623//564 624//565 625//566 
f 625//566 622//563 623//564 
f 614//556 613//556 624//565 
f 624//565 623//564 614//556 
f 626//567 627//567 628//568 
f 629//569 630//570 631//571 
f 631//571 628//568 629//569 
f 621//562 620//562 630//570 
f 630//570 629//569 621//562 
f 632//572 633//572 634//573 
f 627//567 626//567 635//574 
f 635//574 634//573 627//567 
f 636//575 637//575 638//576 
f 639//577 640//578 641//579 
f 641//579 638//576 639//577 
f 633//572 632//572 640//578 
f 640//578 639//577 633//572 
f 642//580 643//580 644//581 
f 645//582 646//583 647//584 
f 647//584 644//581 645//582 
f 637//575 636//575 646//583 
f 646//583 645//582 637//575 
f 648//585 649//585 650//586 
f 651//587 652//588 653//589 
f 653//589 650//586 651//587 
f 643//580 642//580 652//588 
f 652//588 651//587 643//580 
f 654//590 655//590 656//591 
f 649//585 648//585 657//592 
f 657//592 656//591 649//585 
f 658//593 659//594 660//595 
f 655//590 654//590 659//594 
f 659//594 661//596 662//597 
f 659//594 658//593 661//596 
f 659//594 662//597 655//590 
f 663//598 664//598 665//599 
f 666//600 667//601 668//602 
f 668//602 665//599 666//600 
f 658//593 669//603 667//601 
f 667//601 666//600 658//593 
f 670//604 671//605 672//606 
f 672//606 673//607 670//604 
f 664//598 663//598 673//607 
f 673//607 672//606 664//598 
f 674//608 675//608 676//609 
f 677//610 678//611 679//612 
f 679//612 676//609 677//610 
f 677//610 671//605 678//611 
f 680//613 681//613 682//614 
f 683//615 682//614 684//616 
f 684//616 685//617 683//615 
f 675//608 674//608 685//617 
f 685//617 684//616 675//608 
f 686//618 687//618 688//619 
f 689//620 688//619 690//621 
f 690//621 691//622 689//620 
f 681//613 680//613 691//622 
f 691//622 690//621 681//613 
f 692//623 693//624 694//625 
f 694//625 695//626 692//623 
f 687//618 686//618 695//626 
f 695//626 694//625 687//618 
f 696//627 697//627 698//628 
f 699//629 698//628 700//630 
f 700//630 701//631 699//629 
f 700//630 693//624 701//631 
f 702//632 703//632 704//633 
f 705//634 704//633 706//635 
f 706//635 707//636 705//634 
f 697//627 696//627 707//636 
f 707//636 706//635 697//627 
f 708//637 709//637 710//638 
f 711//639 710//638 712//640 
f 712//640 713//641 711//639 
f 703//632 702//632 713//641 
f 713//641 712//640 703//632 
f 714//642 715//642 716//643 
f 709//637 708//637 717//644 
f 717//644 716//643 709//637 
f 718//645 719//645 720//646 
f 721//647 720//646 722//648 
f 722//648 723//649 721//647 
f 715//642 714//642 723//649 
f 723//649 722//648 715//642 
f 724//650 725//650 726//651 
f 727//652 726//651 728//653 
f 728//653 729//654 727//652 
f 719//645 718//645 729//654 
f 729//654 728//653 719//645 
f 730//655 731//656 732//657 
f 724//650 732//657 731//656 
f 731//656 725//650 724//650 
f 733//658 734//659 735//660 
f 736//661 735//660 734//659 
f 734//659 737//662 736//661 
f 738//663 736//661 737//662 
f 737//662 730//655 738//663 
f 739//664 740//665 741//666 
f 742//667 741//666 740//665 
f 740//665 743//668 742//667 
f 744//669 742//667 743//668 
f 743//668 733//658 744//669 
f 745//670 746//671 747//672 
f 747//672 748//673 745//670 
f 747//672 749//674 748//673 
f 750//675 748//673 749//674 
f 749//674 739//664 750//675 
f 751//676 752//677 753//678 
f 754//679 753//678 752//677 
f 752//677 746//671 754//679 
f 755//680 756//681 757//682 
f 758//683 757//682 756//681 
f 756//681 759//684 758//683 
f 760//685 758//683 759//684 
f 759//684 751//676 760//685 
f 761//686 762//687 763//688 
f 762//687 764//689 763//688 
f 763//688 765//690 761//686 
f 766//691 761//686 765//690 
f 765//690 755//680 766//691 
f 767//692 768//693 769//694 
f 770//695 769//694 768//693 
f 768//693 764//689 770//695 
f 771//696 772//697 773//698 
f 774//699 773//698 772//697 
f 772//697 775//700 774//699 
f 776//701 774//699 775//700 
f 775//700 767//692 776//701 
f 777//702 778//703 779//704 
f 780//705 779//704 778//703 
f 778//703 781//706 780//705 
f 782//707 780//705 781//706 
f 781//706 771//696 782//707 
f 783//708 784//708 785//709 
f 785//709 786//710 783//708 
f 787//711 786//710 788//712 
f 788//712 777//702 787//711 
f 789//713 790//714 791//715 
f 784//708 783//708 790//714 
f 790//714 789//713 792//716 
f 790//714 792//716 784//708 
f 793//717 794//718 795//719 
f 796//720 795//719 794//718 
f 794//718 797//721 796//720 
f 798//722 796//720 797//721 
f 797//721 789//713 798//722 
f 799//723 800//724 801//725 
f 800//724 802//724 801//725 
f 803//726 799//723 804//727 
f 804//727 793//717 803//726 
f 805//728 806//729 807//730 
f 802//724 800//724 806//729 
f 806//729 805//728 808//731 
f 806//729 808//731 802//724 
f 809//732 810//733 811//734 
f 810//733 812//735 811//734 
f 811//734 813//736 809//732 
f 814//737 809//732 813//736 
f 813//736 805//728 814//737 
f 815//738 816//739 817//740 
f 816//739 818//739 817//740 
f 819//741 815//738 820//742 
f 820//742 812//735 819//741 
f 821//743 822//744 823//745 
f 818//739 816//739 822//744 
f 822//744 821//743 824//746 
f 822//744 824//746 818//739 
f 825//747 826//748 827//749 
f 826//748 828//748 827//749 
f 829//750 825//747 830//751 
f 830//751 821//743 829//750 
f 827//749 830//751 825//747 
f 823//745 829//750 821//743 
f 817//740 820//742 815//738 
f 810//733 819//741 812//735 
f 807//730 814//737 805//728 
f 801//725 804//727 799//723 
f 795//719 803//726 793//717 
f 791//715 798//722 789//713 
f 785//709 788//712 786//710 
f 779//704 787//711 777//702 
f 773//698 782//707 771//696 
f 769//694 776//701 767//692 
f 762//687 770//695 764//689 
f 757//682 766//691 755//680 
f 753//678 760//685 751//676 
f 745//670 754//679 746//671 
f 741//666 750//675 739//664 
f 735//660 744//669 733//658 
f 732//657 738//663 730//655 
f 726//651 727//652 724//650 
f 720//646 721//647 718//645 
f 716//643 717//644 714//642 
f 710//638 711//639 708//637 
f 704//633 705//634 702//632 
f 698//628 699//629 696//627 
f 692//623 701//631 693//624 
f 688//619 689//620 686//618 
f 682//614 683//615 680//613 
f 676//609 679//612 674//608 
f 670//604 678//611 671//605 
f 665//599 668//602 663//598 
f 660//595 669//603 658//593 
f 656//591 657//592 654//590 
f 650//586 653//589 648//585 
f 644//581 647//584 642//580 
f 638//576 641//579 636//575 
f 634//573 635//574 632//572 
f 628//568 631//571 626//567 
f 622//563 625//566 620//562 
f 615//557 618//560 613//556 
f 611//554 619//561 609//552 
f 605//548 612//555 603//546 
f 599//542 608//551 597//540 
f 593//536 602//545 591//534 
f 589//532 596//539 587//530 
f 584//527 590//533 585//528 
f 577//520 586//529 575//518 
f 571//514 580//523 569//512 
f 567//510 574//517 565//508 
f 562//505 568//511 563//506 
f 555//498 564//507 553//496 
f 549//492 558//501 547//490 
f 545//488 552//495 543//486 
f 539//483 540//484 537//481 
f 534//478 542//485 535//479 
f 528//472 536//480 526//470 
f 523//467 530//474 521//465 
f 517//462 520//464 515//460 
f 512//457 519//463 514//459 
f 507//453 508//454 505//451 
f 504//450 510//455 503//448 
o mesh7
f 831//752 832//753 833//754 
f 832//753 834//753 833//754 
f 835//755 836//756 837//757 
f 838//758 839//758 835//755 
f 840//759 837//757 836//756 
f 836//756 831//752 840//759 
f 841//760 842//761 843//762 
f 842//761 844//763 843//762 
f 843//762 839//758 841//760 
f 839//758 838//758 841//760 
f 845//764 846//765 847//766 
f 846//765 848//765 847//766 
f 849//767 845//764 850//768 
f 850//768 844//763 849//767 
f 851//769 852//770 853//771 
f 846//765 854//772 855//773 
f 854//772 846//765 852//770 
f 852//770 851//769 854//772 
f 855//773 848//765 846//765 
f 856//774 857//775 858//776 
f 857//775 851//769 859//777 
f 859//777 858//776 857//775 
f 851//769 860//778 859//777 
f 861//779 862//780 863//781 
f 864//782 865//783 861//779 
f 863//781 864//782 861//779 
f 866//784 863//781 862//780 
f 862//780 856//774 866//784 
f 867//785 868//786 869//787 
f 870//788 871//788 867//785 
f 872//789 869//787 868//786 
f 868//786 865//783 872//789 
f 873//790 874//791 875//792 
f 871//788 870//788 874//791 
f 874//791 873//790 876//793 
f 874//791 876//793 871//788 
f 877//794 878//795 879//796 
f 878//795 880//797 881//798 
f 881//798 879//796 878//795 
f 882//799 881//798 880//797 
f 880//797 873//790 882//799 
f 883//800 884//801 885//802 
f 884//801 886//803 887//804 
f 887//804 885//802 884//801 
f 888//805 887//804 886//803 
f 886//803 877//794 888//805 
f 889//806 890//807 891//808 
f 892//809 893//810 889//806 
f 891//808 892//809 889//806 
f 894//811 891//808 890//807 
f 890//807 883//800 894//811 
f 895//812 896//813 897//814 
f 898//815 897//814 896//813 
f 896//813 893//810 898//815 
f 899//816 900//817 901//818 
f 900//817 902//819 903//820 
f 903//820 901//818 900//817 
f 904//821 903//820 902//819 
f 902//819 895//812 904//821 
f 905//822 906//823 907//824 
f 906//823 908//825 909//826 
f 909//826 907//824 906//823 
f 910//827 909//826 908//825 
f 908//825 899//816 910//827 
f 911//828 912//829 913//830 
f 914//831 915//832 911//828 
f 913//830 914//831 911//828 
f 916//833 913//830 912//829 
f 912//829 905//822 916//833 
f 917//834 918//835 919//836 
f 920//837 919//836 918//835 
f 918//835 915//832 920//837 
f 921//838 922//839 923//840 
f 922//839 924//841 925//842 
f 925//842 923//840 922//839 
f 926//843 925//842 924//841 
f 924//841 917//834 926//843 
f 927//844 928//845 929//846 
f 928//845 930//847 931//848 
f 931//848 929//846 928//845 
f 932//849 931//848 930//847 
f 930//847 921//838 932//849 
f 933//850 934//851 935//852 
f 934//851 936//853 937//854 
f 937//854 935//852 934//851 
f 938//855 937//854 936//853 
f 936//853 927//844 938//855 
f 939//856 940//857 941//858 
f 942//859 941//858 940//857 
f 940//857 933//850 942//859 
f 943//860 944//860 945//861 
f 945//861 946//862 947//863 
f 947//863 948//864 945//861 
f 949//865 947//863 946//862 
f 946//862 939//856 949//865 
f 950//866 951//866 952//867 
f 953//868 954//869 955//870 
f 955//870 952//867 953//868 
f 944//860 943//860 954//869 
f 954//869 953//868 944//860 
f 956//871 957//871 958//872 
f 959//873 960//874 961//875 
f 961//875 958//872 959//873 
f 951//866 950//866 960//874 
f 960//874 959//873 951//866 
f 962//876 963//876 964//877 
f 957//871 956//871 965//878 
f 965//878 964//877 957//871 
f 966//879 967//879 968//880 
f 969//881 970//882 971//883 
f 971//883 968//880 969//881 
f 963//876 962//876 970//882 
f 970//882 969//881 963//876 
f 972//884 973//884 974//885 
f 975//886 976//887 977//888 
f 977//888 974//885 975//886 
f 967//879 966//879 976//887 
f 976//887 975//886 967//879 
f 978//889 979//889 980//890 
f 981//891 982//892 983//893 
f 983//893 980//890 981//891 
f 973//884 972//884 982//892 
f 982//892 981//891 973//884 
f 984//894 985//894 986//895 
f 979//889 978//889 987//896 
f 987//896 986//895 979//889 
f 988//897 989//898 990//899 
f 985//894 984//894 989//898 
f 989//898 991//900 992//901 
f 989//898 988//897 991//900 
f 989//898 992//901 985//894 
f 993//902 994//902 995//903 
f 996//904 997//905 998//906 
f 998//906 995//903 996//904 
f 988//897 999//907 997//905 
f 997//905 996//904 988//897 
f 1000//908 1001//909 1002//910 
f 1002//910 1003//911 1000//908 
f 994//902 993//902 1003//911 
f 1003//911 1002//910 994//902 
f 1004//912 1005//912 1006//913 
f 1007//914 1008//915 1009//916 
f 1009//916 1006//913 1007//914 
f 1007//914 1001//909 1008//915 
f 1010//917 1011//917 1012//918 
f 1013//919 1012//918 1014//920 
f 1014//920 1015//921 1013//919 
f 1005//912 1004//912 1015//921 
f 1015//921 1014//920 1005//912 
f 1016//922 1017//922 1018//923 
f 1019//924 1018//923 1020//925 
f 1020//925 1021//926 1019//924 
f 1011//917 1010//917 1021//926 
f 1021//926 1020//925 1011//917 
f 1022//927 1023//928 1024//929 
f 1024//929 1025//930 1022//927 
f 1017//922 1016//922 1025//930 
f 1025//930 1024//929 1017//922 
f 1026//931 1027//931 1028//932 
f 1029//933 1028//932 1030//934 
f 1030//934 1031//935 1029//933 
f 1030//934 1023//928 1031//935 
f 1032//936 1033//936 1034//937 
f 1035//938 1034//937 1036//939 
f 1036//939 1037//940 1035//938 
f 1027//931 1026//931 1037//940 
f 1037//940 1036//939 1027//931 
f 1038//941 1039//941 1040//942 
f 1041//943 1040//942 1042//944 
f 1042//944 1043//945 1041//943 
f 1033//936 1032//936 1043//945 
f 1043//945 1042//944 1033//936 
f 1044//946 1045//946 1046//947 
f 1039//941 1038//941 1047//948 
f 1047//948 1046//947 1039//941 
f 1048//949 1049//949 1050//950 
f 1051//951 1050//950 1052//952 
f 1052//952 1053//953 1051//951 
f 1045//946 1044//946 1053//953 
f 1053//953 1052//952 1045//946 
f 1054//954 1055//954 1056//955 
f 1057//956 1056//955 1058//957 
f 1058//957 1059//958 1057//956 
f 1049//949 1048//949 1059//958 
f 1059//958 1058//957 1049//949 
f 1060//959 1061//960 1062//961 
f 1054//954 1062//961 1061//960 
f 1061//960 1055//954 1054//954 
f 1063//962 1064//963 1065//964 
f 1066//965 1065//964 1064//963 
f 1064//963 1067//966 1066//965 
f 1068//967 1066//965 1067//966 
f 1067//966 1060//959 1068//967 
f 1069//968 1070//969 1071//970 
f 1072//971 1071//970 1070//969 
f 1070//969 1073//972 1072//971 
f 1074//973 1072//971 1073//972 
f 1073//972 1063//962 1074//973 
f 1075//974 1076//975 1077//976 
f 1077//976 1078//977 1075//974 
f 1077//976 1079//978 1078//977 
f 1080//979 1078//977 1079//978 
f 1079//978 1069//968 1080//979 
f 1081//980 1082//981 1083//982 
f 1084//983 1083//982 1082//981 
f 1082//981 1076//975 1084//983 
f 1085//984 1086//985 1087//986 
f 1088//987 1087//986 1086//985 
f 1086//985 1089//988 1088//987 
f 1090//989 1088//987 1089//988 
f 1089//988 1081//980 1090//989 
f 1091//990 1092//991 1093//992 
f 1092//991 1094//993 1093//992 
f 1093//992 1095//994 1091//990 
f 1096//995 1091//990 1095//994 
f 1095//994 1085//984 1096//995 
f 1097//996 1098//997 1099//998 
f 1100//999 1099//998 1098//997 
f 1098//997 1094//993 1100//999 
f 1101//1000 1102//1001 1103//1002 
f 1104//1003 1103//1002 1102//1001 
f 1102//1001 1105//1004 1104//1003 
f 1106//1005 1104//1003 1105//1004 
f 1105//1004 1097//996 1106//1005 
f 1107//1006 1108//1007 1109//1008 
f 1110//1009 1109//1008 1108//1007 
f 1108//1007 1111//1010 1110//1009 
f 1112//1011 1110//1009 1111//1010 
f 1111//1010 1101//1000 1112//1011 
f 1113//1012 1114//1012 1115//1013 
f 1115//1013 1116//1014 1113//1012 
f 1117//1015 1116//1014 1118//1016 
f 1118//1016 1107//1006 1117//1015 
f 1119//1017 1120//1018 1121//1019 
f 1114//1012 1113//1012 1120//1018 
f 1120//1018 1119//1017 1122//1020 
f 1120//1018 1122//1020 1114//1012 
f 1123//1021 1124//1022 1125//1023 
f 1126//1024 1125//1023 1124//1022 
f 1124//1022 1127//1025 1126//1024 
f 1128//1026 1126//1024 1127//1025 
f 1127//1025 1119//1017 1128//1026 
f 1129//1027 1130//1028 1131//1029 
f 1130//1028 1132//1028 1131//1029 
f 1133//1030 1129//1027 1134//1031 
f 1134//1031 1123//1021 1133//1030 
f 1135//1032 1136//1033 1137//1034 
f 1132//1028 1130//1028 1136//1033 
f 1136//1033 1135//1032 1138//1035 
f 1136//1033 1138//1035 1132//1028 
f 1139//1036 1140//1037 1141//1038 
f 1140//1037 1142//1039 1141//1038 
f 1141//1038 1143//1040 1139//1036 
f 1144//1041 1139//1036 1143//1040 
f 1143//1040 1135//1032 1144//1041 
f 1145//1042 1146//1043 1147//1044 
f 1146//1043 1148//1043 1147//1044 
f 1149//1045 1145//1042 1150//1046 
f 1150//1046 1142//1039 1149//1045 
f 1151//1047 1152//1048 1153//1049 
f 1148//1043 1146//1043 1152//1048 
f 1152//1048 1151//1047 1154//1050 
f 1152//1048 1154//1050 1148//1043 
f 1155//1051 828//1052 1156//1053 
f 1157//1054 1158//1055 1155//1051 
f 1156//1053 1157//1054 1155//1051 
f 828//1052 826//1056 1156//1053 
f 1157//1054 1151//1047 1158//1055 
f 1153//1049 1158//1055 1151//1047 
f 1147//1044 1150//1046 1145//1042 
f 1140//1037 1149//1045 1142//1039 
f 1137//1034 1144//1041 1135//1032 
f 1131//1029 1134//1031 1129//1027 
f 1125//1023 1133//1030 1123//1021 
f 1121//1019 1128//1026 1119//1017 
f 1115//1013 1118//1016 1116//1014 
f 1109//1008 1117//1015 1107//1006 
f 1103//1002 1112//1011 1101//1000 
f 1099//998 1106//1005 1097//996 
f 1092//991 1100//999 1094//993 
f 1087//986 1096//995 1085//984 
f 1083//982 1090//989 1081//980 
f 1075//974 1084//983 1076//975 
f 1071//970 1080//979 1069//968 
f 1065//964 1074//973 1063//962 
f 1062//961 1068//967 1060//959 
f 1056//955 1057//956 1054//954 
f 1050//950 1051//951 1048//949 
f 1046//947 1047//948 1044//946 
f 1040//942 1041//943 1038//941 
f 1034//937 1035//938 1032//936 
f 1028//932 1029//933 1026//931 
f 1022//927 1031//935 1023//928 
f 1018//923 1019//924 1016//922 
f 1012//918 1013//919 1010//917 
f 1006//913 1009//916 1004//912 
f 1000//908 1008//915 1001//909 
f 995//903 998//906 993//902 
f 990//899 999//907 988//897 
f 986//895 987//896 984//894 
f 980//890 983//893 978//889 
f 974//885 977//888 972//884 
f 968//880 971//883 966//879 
f 964//877 965//878 962//876 
f 958//872 961//875 956//871 
f 952//867 955//870 950//866 
f 945//861 948//864 943//860 
f 941//858 949//865 939//856 
f 935//852 942//859 933//850 
f 929//846 938//855 927//844 
f 923//840 932//849 921//838 
f 919//836 926//843 917//834 
f 914//831 920//837 915//832 
f 907//824 916//833 905//822 
f 901//818 910//827 899//816 
f 897//814 904//821 895//812 
f 892//809 898//815 893//810 
f 885//802 894//811 883//800 
f 879//796 888//805 877//794 
f 875//792 882//799 873//790 
f 869//787 870//788 867//785 
f 864//782 872//789 865//783 
f 858//776 866//784 856//774 
f 853//771 860//778 851//769 
f 847//766 850//768 845//764 
f 842//761 849//767 844//763 
f 837//757 838//758 835//755 
f 833//754 840//759 831//752 
o mesh8
f 1159//1057 1160//1057 1161//1057 
f 1162//1057 1163//1057 1164//1057 
f 1162//1057 1165//1057 1166//1057 
f 1167//1057 1159//1057 1168//1057 
f 1161//1057 1168//1057 1159//1057 
f 1166//1057 1163//1057 1162//1057 
f 1162//1057 1167//1057 1169//1057 
f 1161//1057 1170//1057 1168//1057 
f 1167//1057 1162//1057 1171//1057 
f 1172//1057 1173//1057 1174//1057 
f 1172//1057 1175//1057 1176//1057 
f 366//1057 360//1057 361//1057 
f 366//1057 356//1057 357//1057 
f 182//1057 203//1057 200//1057 
f 182//1057 214//1057 208//1057 
f 182//1057 224//1057 227//1057 
f 182//1057 246//1057 240//1057 
f 1169//1057 1165//1057 1162//1057 
f 1171//1057 1159//1057 1167//1057 
f 1176//1057 1173//1057 1172//1057 
f 1172//1057 1177//1057 1178//1057 
f 1172//1057 1179//1057 1180//1057 
f 1172//1057 1181//1057 1182//1057 
f 1183//1057 1184//1057 1185//1057 
f 1183//1057 1186//1057 1187//1057 
f 366//1057 364//1057 368//1057 
f 357//1057 360//1057 366//1057 
f 182//1057 207//1057 203//1057 
f 182//1057 210//1057 214//1057 
f 182//1057 220//1057 223//1057 
f 182//1057 228//1057 224//1057 
f 182//1057 250//1057 246//1057 
f 294//1057 302//1057 298//1057 
f 1188//1057 1189//1057 1190//1057 
f 1188//1057 1191//1057 1192//1057 
f 1188//1057 1193//1057 1194//1057 
f 1188//1057 1195//1057 1196//1057 
f 1181//1057 1197//1057 1198//1057 
f 1181//1057 1172//1057 1199//1057 
f 1168//1057 1200//1057 1167//1057 
f 1178//1057 1175//1057 1172//1057 
f 1172//1057 1201//1057 1202//1057 
f 1182//1057 1179//1057 1172//1057 
f 1203//1057 1204//1057 1205//1057 
f 1203//1057 1206//1057 1207//1057 
f 1183//1057 1208//1057 1209//1057 
f 1187//1057 1184//1057 1183//1057 
f 1183//1057 1210//1057 1211//1057 
f 1183//1057 1212//1057 1213//1057 
f 1183//1057 1214//1057 1215//1057 
f 1183//1057 1216//1057 1217//1057 
f 1183//1057 1218//1057 1219//1057 
f 1183//1057 1220//1057 1221//1057 
f 352//1057 443//1057 448//1057 
f 352//1057 439//1057 444//1057 
f 352//1057 396//1057 400//1057 
f 352//1057 392//1057 397//1057 
f 361//1057 364//1057 366//1057 
f 182//1057 348//1057 353//1057 
f 182//1057 346//1057 349//1057 
f 182//1057 190//1057 189//1057 
f 182//1057 192//1057 195//1057 
f 207//1057 204//1057 203//1057 
f 210//1057 215//1057 214//1057 
f 227//1057 220//1057 182//1057 
f 182//1057 236//1057 239//1057 
f 250//1057 243//1057 246//1057 
f 302//1057 294//1057 287//1057 
f 302//1057 295//1057 298//1057 
f 290//1057 299//1057 303//1057 
f 290//1057 304//1057 307//1057 
f 138//1057 645//1057 644//1057 
f 1192//1057 1189//1057 1188//1057 
f 1188//1057 1222//1057 1223//1057 
f 1188//1057 1224//1057 1225//1057 
f 1196//1057 1193//1057 1188//1057 
f 1226//1057 1227//1057 1228//1057 
f 1226//1057 1229//1057 1230//1057 
f 1181//1057 1231//1057 1232//1057 
f 1199//1057 1197//1057 1181//1057 
f 1174//1057 1162//1057 1172//1057 
f 1180//1057 1201//1057 1172//1057 
f 1207//1057 1204//1057 1203//1057 
f 1203//1057 1233//1057 1234//1057 
f 1185//1057 1208//1057 1183//1057 
f 1213//1057 1210//1057 1183//1057 
f 1217//1057 1214//1057 1183//1057 
f 1183//1057 1235//1057 1236//1057 
f 1221//1057 1218//1057 1183//1057 
f 1183//1057 1237//1057 1238//1057 
f 352//1057 447//1057 452//1057 
f 444//1057 443//1057 352//1057 
f 352//1057 435//1057 440//1057 
f 352//1057 431//1057 436//1057 
f 352//1057 423//1057 428//1057 
f 352//1057 421//1057 424//1057 
f 352//1057 413//1057 414//1057 
f 352//1057 407//1057 410//1057 
f 352//1057 399//1057 404//1057 
f 397//1057 396//1057 352//1057 
f 352//1057 366//1057 373//1057 
f 366//1057 352//1057 356//1057 
f 349//1057 348//1057 182//1057 
f 195//1057 190//1057 182//1057 
f 182//1057 196//1057 199//1057 
f 208//1057 207//1057 182//1057 
f 182//1057 216//1057 219//1057 
f 228//1057 231//1057 224//1057 
f 182//1057 232//1057 235//1057 
f 240//1057 236//1057 182//1057 
f 298//1057 291//1057 294//1057 
f 307//1057 299//1057 290//1057 
f 142//1057 629//1057 628//1057 
f 138//1057 637//1057 645//1057 
f 1188//1057 1239//1057 1240//1057 
f 1188//1057 1241//1057 1242//1057 
f 1223//1057 1191//1057 1188//1057 
f 1194//1057 1224//1057 1188//1057 
f 1230//1057 1227//1057 1226//1057 
f 1226//1057 1243//1057 1244//1057 
f 1198//1057 1231//1057 1181//1057 
f 1202//1057 1177//1057 1172//1057 
f 1234//1057 1206//1057 1203//1057 
f 1203//1057 1226//1057 1245//1057 
f 1183//1057 1246//1057 1247//1057 
f 1183//1057 1248//1057 1249//1057 
f 1211//1057 1186//1057 1183//1057 
f 1236//1057 1216//1057 1183//1057 
f 1183//1057 1250//1057 1251//1057 
f 1183//1057 1252//1057 1253//1057 
f 1183//1057 1254//1057 1255//1057 
f 1183//1057 1256//1057 1257//1057 
f 1183//1057 1258//1057 1259//1057 
f 1238//1057 1220//1057 1183//1057 
f 352//1057 472//1057 477//1057 
f 352//1057 468//1057 473//1057 
f 448//1057 447//1057 352//1057 
f 436//1057 435//1057 352//1057 
f 352//1057 427//1057 432//1057 
f 424//1057 423//1057 352//1057 
f 352//1057 417//1057 418//1057 
f 410//1057 413//1057 352//1057 
f 400//1057 399//1057 352//1057 
f 352//1057 388//1057 393//1057 
f 352//1057 384//1057 389//1057 
f 352//1057 380//1057 385//1057 
f 352//1057 372//1057 377//1057 
f 368//1057 367//1057 366//1057 
f 189//1057 346//1057 182//1057 
f 200//1057 196//1057 182//1057 
f 223//1057 216//1057 182//1057 
f 239//1057 232//1057 182//1057 
f 182//1057 264//1057 256//1057 
f 182//1057 282//1057 274//1057 
f 308//1057 286//1057 279//1057 
f 308//1057 290//1057 283//1057 
f 303//1057 302//1057 290//1057 
f 290//1057 308//1057 311//1057 
f 282//1057 312//1057 315//1057 
f 282//1057 316//1057 319//1057 
f 142//1057 621//1057 629//1057 
f 142//1057 144//1057 622//1057 
f 140//1057 633//1057 639//1057 
f 140//1057 142//1057 634//1057 
f 644//1057 643//1057 138//1057 
f 138//1057 140//1057 638//1057 
f 130//1057 132//1057 671//1057 
f 126//1057 697//1057 706//1057 
f 1188//1057 1260//1057 1261//1057 
f 1188//1057 1262//1057 1263//1057 
f 1242//1057 1239//1057 1188//1057 
f 1225//1057 1222//1057 1188//1057 
f 1244//1057 1229//1057 1226//1057 
f 1226//1057 1203//1057 1264//1057 
f 1164//1057 1172//1057 1162//1057 
f 1245//1057 1233//1057 1203//1057 
f 1249//1057 1246//1057 1183//1057 
f 1183//1057 1265//1057 1266//1057 
f 1183//1057 1267//1057 1268//1057 
f 1183//1057 1269//1057 1270//1057 
f 1183//1057 1271//1057 1272//1057 
f 1215//1057 1212//1057 1183//1057 
f 1183//1057 1273//1057 1274//1057 
f 1253//1057 1250//1057 1183//1057 
f 1257//1057 1254//1057 1183//1057 
f 1219//1057 1258//1057 1183//1057 
f 352//1057 488//1057 493//1057 
f 352//1057 484//1057 489//1057 
f 352//1057 476//1057 481//1057 
f 473//1057 472//1057 352//1057 
f 440//1057 439//1057 352//1057 
f 428//1057 427//1057 352//1057 
f 414//1057 417//1057 352//1057 
f 352//1057 403//1057 408//1057 
f 393//1057 392//1057 352//1057 
f 385//1057 384//1057 352//1057 
f 352//1057 376//1057 381//1057 
f 373//1057 372//1057 352//1057 
f 199//1057 192//1057 182//1057 
f 235//1057 228//1057 182//1057 
f 182//1057 254//1057 247//1057 
f 256//1057 251//1057 182//1057 
f 274//1057 267//1057 182//1057 
f 274//1057 282//1057 278//1057 
f 283//1057 286//1057 308//1057 
f 311//1057 304//1057 290//1057 
f 319//1057 312//1057 282//1057 
f 282//1057 320//1057 323//1057 
f 282//1057 324//1057 327//1057 
f 282//1057 328//1057 331//1057 
f 622//1057 621//1057 142//1057 
f 634//1057 633//1057 140//1057 
f 638//1057 637//1057 138//1057 
f 132//1057 134//1057 666//1057 
f 671//1057 677//1057 130//1057 
f 706//1057 124//1057 126//1057 
f 114//1057 746//1057 752//1057 
f 102//1057 797//1057 794//1057 
f 1263//1057 1260//1057 1188//1057 
f 1190//1057 1241//1057 1188//1057 
f 1188//1057 1275//1057 1276//1057 
f 1188//1057 1277//1057 1278//1057 
f 1264//1057 1243//1057 1226//1057 
f 1205//1057 1181//1057 1203//1057 
f 1266//1057 1248//1057 1183//1057 
f 1270//1057 1267//1057 1183//1057 
f 1209//1057 1271//1057 1183//1057 
f 1183//1057 1279//1057 1280//1057 
f 1183//1057 1281//1057 1282//1057 
f 1183//1057 1283//1057 1284//1057 
f 1251//1057 1273//1057 1183//1057 
f 1259//1057 1256//1057 1183//1057 
f 352//1057 492//1057 497//1057 
f 489//1057 488//1057 352//1057 
f 352//1057 480//1057 485//1057 
f 477//1057 476//1057 352//1057 
f 352//1057 464//1057 469//1057 
f 352//1057 460//1057 465//1057 
f 352//1057 455//1057 461//1057 
f 352//1057 451//1057 456//1057 
f 432//1057 431//1057 352//1057 
f 408//1057 407//1057 352//1057 
f 389//1057 388//1057 352//1057 
f 377//1057 376//1057 352//1057 
f 219//1057 210//1057 182//1057 
f 251//1057 254//1057 182//1057 
f 256//1057 264//1057 260//1057 
f 278//1057 271//1057 274//1057 
f 287//1057 290//1057 302//1057 
f 323//1057 316//1057 282//1057 
f 331//1057 324//1057 282//1057 
f 282//1057 332//1057 335//1057 
f 282//1057 340//1057 343//1057 
f 282//1057 182//1057 188//1057 
f 144//1057 614//1057 623//1057 
f 144//1057 146//1057 615//1057 
f 628//1057 627//1057 142//1057 
f 643//1057 651//1057 138//1057 
f 136//1057 138//1057 651//1057 
f 134//1057 662//1057 661//1057 
f 134//1057 136//1057 655//1057 
f 132//1057 664//1057 672//1057 
f 666//1057 665//1057 132//1057 
f 130//1057 675//1057 684//1057 
f 677//1057 676//1057 130//1057 
f 128//1057 687//1057 694//1057 
f 706//1057 704//1057 124//1057 
f 122//1057 722//1057 720//1057 
f 752//1057 112//1057 114//1057 
f 112//1057 756//1057 755//1057 
f 104//1057 784//1057 792//1057 
f 102//1057 789//1057 797//1057 
f 96//1057 98//1057 813//1057 
f 88//1057 1146//1057 1149//1057 
f 60//1057 62//1057 1051//1057 
f 58//1057 1035//1057 1037//1057 
f 56//1057 1022//1057 1025//1057 
f 48//1057 989//1057 984//1057 
f 48//1057 999//1057 990//1057 
f 46//1057 983//1057 982//1057 
f 44//1057 972//1057 977//1057 
f 40//1057 956//1057 961//1057 
f 1188//1057 1285//1057 1286//1057 
f 1240//1057 1262//1057 1188//1057 
f 1188//1057 1287//1057 1288//1057 
f 1188//1057 1289//1057 1290//1057 
f 1278//1057 1275//1057 1188//1057 
f 1188//1057 1291//1057 1292//1057 
f 1188//1057 1183//1057 1293//1057 
f 1232//1057 1203//1057 1181//1057 
f 1268//1057 1265//1057 1183//1057 
f 1280//1057 1235//1057 1183//1057 
f 1183//1057 1294//1057 1295//1057 
f 1284//1057 1281//1057 1183//1057 
f 1255//1057 1252//1057 1183//1057 
f 1183//1057 1296//1057 1297//1057 
f 1183//1057 1188//1057 1298//1057 
f 182//1057 352//1057 499//1057 
f 493//1057 492//1057 352//1057 
f 481//1057 480//1057 352//1057 
f 465//1057 464//1057 352//1057 
f 456//1057 455//1057 352//1057 
f 418//1057 421//1057 352//1057 
f 381//1057 380//1057 352//1057 
f 247//1057 250//1057 182//1057 
f 264//1057 261//1057 260//1057 
f 182//1057 270//1057 265//1057 
f 282//1057 275//1057 278//1057 
f 315//1057 308//1057 282//1057 
f 335//1057 328//1057 282//1057 
f 282//1057 336//1057 339//1057 
f 188//1057 340//1057 282//1057 
f 148//1057 606//1057 604//1057 
f 146//1057 148//1057 603//1057 
f 615//1057 614//1057 144//1057 
f 639//1057 638//1057 140//1057 
f 136//1057 649//1057 656//1057 
f 651//1057 650//1057 136//1057 
f 655//1057 662//1057 134//1057 
f 665//1057 664//1057 132//1057 
f 676//1057 675//1057 130//1057 
f 128//1057 681//1057 690//1057 
f 126//1057 693//1057 700//1057 
f 694//1057 126//1057 128//1057 
f 126//1057 698//1057 697//1057 
f 124//1057 712//1057 710//1057 
f 122//1057 715//1057 722//1057 
f 118//1057 737//1057 734//1057 
f 752//1057 751//1057 112//1057 
f 112//1057 759//1057 756//1057 
f 110//1057 764//1057 768//1057 
f 106//1057 108//1057 772//1057 
f 108//1057 767//1057 775//1057 
f 792//1057 102//1057 104//1057 
f 104//1057 788//1057 785//1057 
f 794//1057 100//1057 102//1057 
f 100//1057 801//1057 802//1057 
f 98//1057 805//1057 813//1057 
f 94//1057 96//1057 820//1057 
f 88//1057 1152//1057 1146//1057 
f 84//1057 86//1057 1139//1057 
f 80//1057 82//1057 1125//1057 
f 74//1057 76//1057 1103//1057 
f 64//1057 66//1057 1065//1057 
f 1051//1057 1053//1057 60//1057 
f 58//1057 60//1057 1041//1057 
f 1037//1057 56//1057 58//1057 
f 1025//1057 54//1057 56//1057 
f 54//1057 1019//1057 1021//1057 
f 50//1057 998//1057 997//1057 
f 50//1057 1008//1057 1000//1057 
f 990//1057 989//1057 48//1057 
f 46//1057 978//1057 983//1057 
f 46//1057 984//1057 987//1057 
f 977//1057 976//1057 44//1057 
f 961//1057 960//1057 40//1057 
f 36//1057 941//1057 942//1057 
f 34//1057 942//1057 935//1057 
f 1286//1057 1299//1057 1188//1057 
f 1288//1057 1195//1057 1188//1057 
f 1276//1057 1289//1057 1188//1057 
f 1293//1057 1291//1057 1188//1057 
f 1247//1057 1226//1057 1183//1057 
f 1295//1057 1279//1057 1183//1057 
f 1274//1057 1283//1057 1183//1057 
f 1298//1057 1296//1057 1183//1057 
f 834//1057 1300//1057 185//1057 
f 352//1057 496//1057 499//1057 
f 485//1057 484//1057 352//1057 
f 461//1057 460//1057 352//1057 
f 404//1057 403//1057 352//1057 
f 260//1057 257//1057 256//1057 
f 267//1057 270//1057 182//1057 
f 327//1057 320//1057 282//1057 
f 343//1057 336//1057 282//1057 
f 166//1057 168//1057 538//1057 
f 158//1057 160//1057 563//1057 
f 150//1057 152//1057 594//1057 
f 148//1057 597//1057 606//1057 
f 148//1057 150//1057 598//1057 
f 146//1057 609//1057 616//1057 
f 603//1057 610//1057 146//1057 
f 627//1057 634//1057 142//1057 
f 650//1057 649//1057 136//1057 
f 661//1057 658//1057 134//1057 
f 684//1057 682//1057 130//1057 
f 690//1057 688//1057 128//1057 
f 128//1057 130//1057 682//1057 
f 694//1057 693//1057 126//1057 
f 704//1057 703//1057 124//1057 
f 122//1057 709//1057 716//1057 
f 710//1057 122//1057 124//1057 
f 720//1057 120//1057 122//1057 
f 118//1057 120//1057 725//1057 
f 118//1057 730//1057 737//1057 
f 114//1057 116//1057 739//1057 
f 114//1057 747//1057 746//1057 
f 755//1057 110//1057 112//1057 
f 768//1057 108//1057 110//1057 
f 110//1057 765//1057 763//1057 
f 775//1057 772//1057 108//1057 
f 104//1057 106//1057 777//1057 
f 106//1057 781//1057 778//1057 
f 785//1057 784//1057 104//1057 
f 794//1057 793//1057 100//1057 
f 100//1057 804//1057 801//1057 
f 813//1057 811//1057 96//1057 
f 96//1057 812//1057 820//1057 
f 88//1057 90//1057 1153//1057 
f 1149//1057 86//1057 88//1057 
f 86//1057 1140//1057 1139//1057 
f 1125//1057 1126//1057 80//1057 
f 78//1057 80//1057 1121//1057 
f 1103//1057 1104//1057 74//1057 
f 68//1057 70//1057 1083//1057 
f 1065//1057 1066//1057 64//1057 
f 64//1057 1062//1057 1054//1057 
f 62//1057 1048//1057 1051//1057 
f 60//1057 1038//1057 1041//1057 
f 60//1057 1044//1057 1047//1057 
f 58//1057 1032//1057 1035//1057 
f 56//1057 1031//1057 1022//1057 
f 54//1057 1010//1057 1013//1057 
f 54//1057 1016//1057 1019//1057 
f 52//1057 1009//1057 1008//1057 
f 50//1057 993//1057 998//1057 
f 1000//1057 1003//1057 50//1057 
f 48//1057 997//1057 999//1057 
f 987//1057 978//1057 46//1057 
f 44//1057 966//1057 971//1057 
f 44//1057 982//1057 972//1057 
f 42//1057 962//1057 965//1057 
f 42//1057 971//1057 970//1057 
f 40//1057 950//1057 955//1057 
f 40//1057 965//1057 956//1057 
f 38//1057 943//1057 948//1057 
f 38//1057 955//1057 954//1057 
f 36//1057 949//1057 941//1057 
f 36//1057 948//1057 947//1057 
f 34//1057 938//1057 929//1057 
f 935//1057 937//1057 34//1057 
f 22//1057 898//1057 892//1057 
f 1261//1057 1285//1057 1188//1057 
f 1292//1057 1277//1057 1188//1057 
f 1272//1057 1269//1057 1183//1057 
f 1297//1057 1237//1057 1183//1057 
f 185//1057 1301//1057 1302//1057 
f 185//1057 1303//1057 1304//1057 
f 185//1057 2//1057 834//1057 
f 497//1057 496//1057 352//1057 
f 452//1057 451//1057 352//1057 
f 265//1057 264//1057 182//1057 
f 339//1057 332//1057 282//1057 
f 178//1057 180//1057 506//1057 
f 176//1057 178//1057 509//1057 
f 174//1057 520//1057 517//1057 
f 176//1057 514//1057 520//1057 
f 172//1057 525//1057 524//1057 
f 172//1057 174//1057 518//1057 
f 170//1057 172//1057 521//1057 
f 168//1057 170//1057 532//1057 
f 538//1057 537//1057 166//1057 
f 164//1057 543//1057 550//1057 
f 164//1057 166//1057 546//1057 
f 162//1057 556//1057 554//1057 
f 160//1057 560//1057 559//1057 
f 160//1057 162//1057 553//1057 
f 158//1057 565//1057 572//1057 
f 563//1057 566//1057 158//1057 
f 154//1057 582//1057 581//1057 
f 152//1057 154//1057 585//1057 
f 150//1057 591//1057 600//1057 
f 594//1057 592//1057 150//1057 
f 598//1057 597//1057 148//1057 
f 610//1057 609//1057 146//1057 
f 656//1057 655//1057 136//1057 
f 672//1057 671//1057 132//1057 
f 682//1057 681//1057 128//1057 
f 703//1057 712//1057 124//1057 
f 710//1057 709//1057 122//1057 
f 720//1057 719//1057 120//1057 
f 725//1057 731//1057 118//1057 
f 120//1057 728//1057 726//1057 
f 734//1057 116//1057 118//1057 
f 739//1057 749//1057 114//1057 
f 116//1057 743//1057 740//1057 
f 755//1057 765//1057 110//1057 
f 763//1057 764//1057 110//1057 
f 772//1057 771//1057 106//1057 
f 778//1057 777//1057 106//1057 
f 793//1057 804//1057 100//1057 
f 802//1057 98//1057 100//1057 
f 98//1057 808//1057 805//1057 
f 820//1057 817//1057 94//1057 
f 92//1057 94//1057 824//1057 
f 90//1057 92//1057 828//1057 
f 90//1057 1158//1057 1153//1057 
f 1146//1057 1145//1057 1149//1057 
f 1139//1057 1144//1057 84//1057 
f 82//1057 84//1057 1130//1057 
f 84//1057 1137//1057 1136//1057 
f 82//1057 1133//1057 1125//1057 
f 1121//1057 1120//1057 78//1057 
f 76//1057 1117//1057 1109//1057 
f 78//1057 1116//1057 1117//1057 
f 76//1057 1112//1057 1103//1057 
f 72//1057 74//1057 1099//1057 
f 70//1057 72//1057 1096//1057 
f 70//1057 1090//1057 1083//1057 
f 68//1057 1078//1057 1080//1057 
f 66//1057 1074//1057 1065//1057 
f 62//1057 1054//1057 1057//1057 
f 64//1057 1068//1057 1062//1057 
f 62//1057 1059//1057 1048//1057 
f 1047//1057 1038//1057 60//1057 
f 58//1057 1043//1057 1032//1057 
f 56//1057 1029//1057 1031//1057 
f 1021//1057 1010//1057 54//1057 
f 52//1057 1004//1057 1009//1057 
f 52//1057 1013//1057 1015//1057 
f 1003//1057 993//1057 50//1057 
f 982//1057 44//1057 46//1057 
f 976//1057 966//1057 44//1057 
f 970//1057 962//1057 42//1057 
f 960//1057 950//1057 40//1057 
f 954//1057 943//1057 38//1057 
f 947//1057 949//1057 36//1057 
f 937//1057 938//1057 34//1057 
f 32//1057 923//1057 925//1057 
f 30//1057 920//1057 914//1057 
f 30//1057 926//1057 919//1057 
f 24//1057 897//1057 898//1057 
f 22//1057 894//1057 885//1057 
f 892//1057 891//1057 22//1057 
f 20//1057 888//1057 879//1057 
f 20//1057 885//1057 887//1057 
f 10//1057 853//1057 852//1057 
f 1290//1057 1287//1057 1188//1057 
f 1282//1057 1294//1057 1183//1057 
f 185//1057 1305//1057 1306//1057 
f 185//1057 1307//1057 1301//1057 
f 185//1057 1308//1057 1309//1057 
f 1300//1057 1303//1057 185//1057 
f 469//1057 468//1057 352//1057 
f 279//1057 282//1057 308//1057 
f 182//1057 502//1057 503//1057 
f 506//1057 505//1057 178//1057 
f 509//1057 513//1057 176//1057 
f 520//1057 174//1057 176//1057 
f 518//1057 525//1057 172//1057 
f 521//1057 527//1057 170//1057 
f 532//1057 531//1057 168//1057 
f 537//1057 541//1057 166//1057 
f 546//1057 543//1057 164//1057 
f 162//1057 547//1057 556//1057 
f 162//1057 164//1057 548//1057 
f 553//1057 560//1057 160//1057 
f 566//1057 565//1057 158//1057 
f 156//1057 569//1057 578//1057 
f 156//1057 158//1057 570//1057 
f 154//1057 575//1057 582//1057 
f 154//1057 156//1057 576//1057 
f 585//1057 588//1057 152//1057 
f 592//1057 591//1057 150//1057 
f 616//1057 615//1057 146//1057 
f 658//1057 666//1057 134//1057 
f 700//1057 698//1057 126//1057 
f 719//1057 728//1057 120//1057 
f 726//1057 725//1057 120//1057 
f 734//1057 733//1057 116//1057 
f 740//1057 739//1057 116//1057 
f 768//1057 767//1057 108//1057 
f 777//1057 788//1057 104//1057 
f 802//1057 808//1057 98//1057 
f 817//1057 818//1057 94//1057 
f 94//1057 818//1057 824//1057 
f 92//1057 827//1057 828//1057 
f 90//1057 1155//1057 1158//1057 
f 1144//1057 1137//1057 84//1057 
f 1136//1057 1130//1057 84//1057 
f 82//1057 1129//1057 1133//1057 
f 80//1057 1128//1057 1121//1057 
f 1117//1057 76//1057 78//1057 
f 76//1057 1110//1057 1112//1057 
f 72//1057 1100//1057 1092//1057 
f 74//1057 1106//1057 1099//1057 
f 1096//1057 1087//1057 70//1057 
f 1083//1057 1084//1057 68//1057 
f 66//1057 1080//1057 1071//1057 
f 68//1057 1075//1057 1078//1057 
f 66//1057 1072//1057 1074//1057 
f 1054//1057 62//1057 64//1057 
f 1041//1057 1043//1057 58//1057 
f 1037//1057 1026//1057 56//1057 
f 1013//1057 52//1057 54//1057 
f 1015//1057 1004//1057 52//1057 
f 984//1057 46//1057 48//1057 
f 965//1057 40//1057 42//1057 
f 948//1057 36//1057 38//1057 
f 929//1057 32//1057 34//1057 
f 32//1057 932//1057 923//1057 
f 32//1057 929//1057 931//1057 
f 919//1057 920//1057 30//1057 
f 28//1057 916//1057 907//1057 
f 28//1057 914//1057 913//1057 
f 26//1057 901//1057 903//1057 
f 24//1057 904//1057 897//1057 
f 891//1057 894//1057 22//1057 
f 887//1057 888//1057 20//1057 
f 18//1057 882//1057 875//1057 
f 18//1057 879//1057 881//1057 
f 16//1057 870//1057 869//1057 
f 16//1057 875//1057 874//1057 
f 14//1057 864//1057 863//1057 
f 10//1057 12//1057 859//1057 
f 12//1057 866//1057 858//1057 
f 10//1057 860//1057 853//1057 
f 8//1057 845//1057 849//1057 
f 1228//1057 1183//1057 1226//1057 
f 1302//1057 1305//1057 185//1057 
f 1304//1057 1308//1057 185//1057 
f 353//1057 352//1057 182//1057 
f 503//1057 180//1057 182//1057 
f 513//1057 514//1057 176//1057 
f 524//1057 521//1057 172//1057 
f 527//1057 526//1057 170//1057 
f 531//1057 535//1057 168//1057 
f 550//1057 548//1057 164//1057 
f 548//1057 547//1057 162//1057 
f 572//1057 570//1057 158//1057 
f 570//1057 569//1057 156//1057 
f 576//1057 575//1057 154//1057 
f 588//1057 587//1057 152//1057 
f 604//1057 603//1057 148//1057 
f 688//1057 687//1057 128//1057 
f 731//1057 730//1057 118//1057 
f 749//1057 747//1057 114//1057 
f 771//1057 781//1057 106//1057 
f 811//1057 812//1057 96//1057 
f 824//1057 821//1057 92//1057 
f 92//1057 830//1057 827//1057 
f 1149//1057 1140//1057 86//1057 
f 1126//1057 1128//1057 80//1057 
f 1120//1057 1113//1057 78//1057 
f 1104//1057 1106//1057 74//1057 
f 1099//1057 1100//1057 72//1057 
f 72//1057 1091//1057 1096//1057 
f 70//1057 1088//1057 1090//1057 
f 1080//1057 66//1057 68//1057 
f 1057//1057 1059//1057 62//1057 
f 1026//1057 1029//1057 56//1057 
f 1008//1057 50//1057 52//1057 
f 971//1057 42//1057 44//1057 
f 942//1057 34//1057 36//1057 
f 931//1057 932//1057 32//1057 
f 30//1057 925//1057 926//1057 
f 913//1057 916//1057 28//1057 
f 26//1057 910//1057 901//1057 
f 26//1057 907//1057 909//1057 
f 24//1057 903//1057 904//1057 
f 879//1057 18//1057 20//1057 
f 881//1057 882//1057 18//1057 
f 874//1057 870//1057 16//1057 
f 14//1057 872//1057 864//1057 
f 858//1057 859//1057 12//1057 
f 852//1057 8//1057 10//1057 
f 8//1057 846//1057 845//1057 
f 6//1057 842//1057 841//1057 
f 1306//1057 1188//1057 185//1057 
f 185//1057 1310//1057 1311//1057 
f 185//1057 1312//1057 1313//1057 
f 1309//1057 1314//1057 185//1057 
f 503//1057 506//1057 180//1057 
f 517//1057 518//1057 174//1057 
f 535//1057 538//1057 168//1057 
f 554//1057 553//1057 162//1057 
f 578//1057 576//1057 156//1057 
f 587//1057 594//1057 152//1057 
f 623//1057 622//1057 144//1057 
f 733//1057 743//1057 116//1057 
f 792//1057 789//1057 102//1057 
f 828//1057 1155//1057 90//1057 
f 1130//1057 1129//1057 82//1057 
f 1109//1057 1110//1057 76//1057 
f 1087//1057 1088//1057 70//1057 
f 1071//1057 1072//1057 66//1057 
f 1053//1057 1044//1057 60//1057 
f 997//1057 48//1057 50//1057 
f 925//1057 30//1057 32//1057 
f 907//1057 26//1057 28//1057 
f 909//1057 910//1057 26//1057 
f 885//1057 20//1057 22//1057 
f 869//1057 14//1057 16//1057 
f 14//1057 869//1057 872//1057 
f 12//1057 863//1057 866//1057 
f 849//1057 6//1057 8//1057 
f 6//1057 849//1057 842//1057 
f 1//1057 4//1057 837//1057 
f 2//1057 1//1057 840//1057 
f 1311//1057 1307//1057 185//1057 
f 1314//1057 1312//1057 185//1057 
f 505//1057 509//1057 178//1057 
f 541//1057 546//1057 166//1057 
f 581//1057 585//1057 154//1057 
f 716//1057 715//1057 122//1057 
f 821//1057 830//1057 92//1057 
f 1113//1057 1116//1057 78//1057 
f 1084//1057 1075//1057 68//1057 
f 1025//1057 1016//1057 54//1057 
f 914//1057 28//1057 30//1057 
f 898//1057 22//1057 24//1057 
f 863//1057 12//1057 14//1057 
f 852//1057 846//1057 8//1057 
f 841//1057 4//1057 6//1057 
f 4//1057 838//1057 837//1057 
f 840//1057 833//1057 2//1057 
f 1313//1057 1310//1057 185//1057 
f 526//1057 532//1057 170//1057 
f 600//1057 598//1057 150//1057 
f 1153//1057 1152//1057 88//1057 
f 1066//1057 1068//1057 64//1057 
f 903//1057 24//1057 26//1057 
f 859//1057 860//1057 10//1057 
f 837//1057 840//1057 1//1057 
f 1299//1057 185//1057 1188//1057 
f 559//1057 563//1057 160//1057 
f 1092//1057 1091//1057 72//1057 
f 875//1057 16//1057 18//1057 
f 833//1057 834//1057 2//1057 
f 751//1057 759//1057 112//1057 
f 841//1057 838//1057 4//1057 
f 955//1057 38//1057 40//1057 
f 499//1057 502//1057 182//1057 
o mesh9
f 834//1058 832//1058 1315//1058 
f 1315//1058 1300//1058 834//1058 
o mesh10
f 1315//1058 1316//1059 1303//1059 
f 1317//1060 1308//1060 1304//1061 
f 1303//1059 1316//1059 1318//1062 
f 1318//1062 1304//1061 1303//1059 
f 1319//1063 1314//1063 1309//1064 
f 1308//1060 1317//1060 1320//1065 
f 1320//1065 1309//1064 1308//1060 
f 1314//1063 1319//1063 1321//1066 
f 1321//1066 1312//1067 1314//1063 
f 1313//1068 1322//1067 1323//1069 
f 1323//1069 1310//1070 1313//1068 
f 1313//1068 1312//1067 1322//1067 
f 1311//1071 1324//1070 1325//1072 
f 1325//1072 1307//1073 1311//1071 
f 1311//1071 1310//1070 1324//1070 
f 1326//1074 1305//1074 1302//1075 
f 1301//1076 1327//1077 1328//1078 
f 1328//1078 1302//1075 1301//1076 
f 1301//1076 1307//1073 1327//1077 
f 1329//1079 1188//1079 1306//1080 
f 1305//1074 1326//1074 1330//1081 
f 1330//1081 1306//1080 1305//1074 
f 1331//1082 1296//1082 1298//1083 
f 1188//1079 1329//1079 1332//1084 
f 1332//1084 1298//1083 1188//1079 
f 1333//1085 1237//1085 1297//1086 
f 1296//1082 1331//1082 1334//1087 
f 1334//1087 1297//1086 1296//1082 
f 1335//1088 1220//1088 1238//1089 
f 1237//1085 1333//1085 1336//1090 
f 1336//1090 1238//1089 1237//1085 
f 1337//1091 1218//1091 1221//1092 
f 1220//1088 1335//1088 1338//1093 
f 1338//1093 1221//1092 1220//1088 
f 1339//1094 1258//1094 1219//1095 
f 1218//1091 1337//1091 1340//1096 
f 1340//1096 1219//1095 1218//1091 
f 1341//1097 1256//1098 1259//1099 
f 1259//1099 1339//1094 1341//1097 
f 1259//1099 1258//1094 1339//1094 
f 1342//1100 1254//1101 1257//1102 
f 1257//1102 1343//1103 1342//1100 
f 1257//1102 1256//1098 1343//1103 
f 1344//1104 1252//1105 1255//1106 
f 1255//1106 1345//1107 1344//1104 
f 1255//1106 1254//1101 1345//1107 
f 1346//1108 1250//1109 1253//1110 
f 1253//1110 1347//1111 1346//1108 
f 1253//1110 1252//1105 1347//1111 
f 1251//1112 1348//1113 1349//1114 
f 1349//1114 1273//1115 1251//1112 
f 1251//1112 1250//1109 1348//1113 
f 1274//1116 1350//1115 1351//1117 
f 1351//1117 1283//1118 1274//1116 
f 1274//1116 1273//1115 1350//1115 
f 1284//1119 1352//1118 1353//1120 
f 1353//1120 1281//1121 1284//1119 
f 1284//1119 1283//1118 1352//1118 
f 1354//1122 1294//1123 1282//1124 
f 1282//1124 1355//1125 1354//1122 
f 1282//1124 1281//1121 1355//1125 
f 1356//1126 1279//1127 1295//1128 
f 1295//1128 1357//1129 1356//1126 
f 1295//1128 1294//1123 1357//1129 
f 1358//1130 1235//1131 1280//1132 
f 1280//1132 1359//1133 1358//1130 
f 1280//1132 1279//1127 1359//1133 
f 1360//1134 1216//1135 1236//1136 
f 1236//1136 1361//1137 1360//1134 
f 1236//1136 1235//1131 1361//1137 
f 1362//1138 1214//1139 1217//1140 
f 1217//1140 1363//1141 1362//1138 
f 1217//1140 1216//1135 1363//1141 
f 1364//1142 1212//1143 1215//1144 
f 1215//1144 1365//1145 1364//1142 
f 1215//1144 1214//1139 1365//1145 
f 1366//1146 1210//1147 1213//1148 
f 1213//1148 1367//1149 1366//1146 
f 1213//1148 1212//1143 1367//1149 
f 1368//1150 1186//1151 1211//1152 
f 1211//1152 1369//1153 1368//1150 
f 1211//1152 1210//1147 1369//1153 
f 1370//1154 1184//1154 1187//1155 
f 1186//1151 1371//1156 1372//1157 
f 1372//1157 1187//1155 1186//1151 
f 1373//1158 1208//1158 1185//1159 
f 1184//1154 1370//1154 1374//1160 
f 1374//1160 1185//1159 1184//1154 
f 1375//1161 1271//1161 1209//1162 
f 1208//1158 1373//1158 1376//1163 
f 1376//1163 1209//1162 1208//1158 
f 1377//1164 1269//1164 1272//1165 
f 1271//1161 1375//1161 1378//1166 
f 1378//1166 1272//1165 1271//1161 
f 1379//1167 1267//1167 1270//1168 
f 1269//1164 1377//1164 1380//1169 
f 1380//1169 1270//1168 1269//1164 
f 1381//1170 1265//1170 1268//1171 
f 1267//1167 1379//1167 1382//1172 
f 1382//1172 1268//1171 1267//1167 
f 1383//1173 1248//1173 1266//1174 
f 1265//1170 1381//1170 1384//1175 
f 1384//1175 1266//1174 1265//1170 
f 1385//1176 1246//1176 1249//1177 
f 1248//1173 1383//1173 1386//1178 
f 1386//1178 1249//1177 1248//1173 
f 1387//1179 1226//1179 1247//1180 
f 1246//1176 1385//1176 1388//1181 
f 1388//1181 1247//1180 1246//1176 
f 1389//1182 1233//1182 1245//1183 
f 1226//1179 1387//1179 1390//1184 
f 1390//1184 1245//1183 1226//1179 
f 1391//1185 1206//1185 1234//1186 
f 1233//1182 1389//1182 1392//1187 
f 1392//1187 1234//1186 1233//1182 
f 1207//1188 1206//1185 1391//1185 
f 1391//1185 1393//1188 1207//1188 
f 1234//1186 1392//1187 1391//1185 
f 1245//1183 1390//1184 1389//1182 
f 1247//1180 1388//1181 1387//1179 
f 1249//1177 1386//1178 1385//1176 
f 1266//1174 1384//1175 1383//1173 
f 1268//1171 1382//1172 1381//1170 
f 1270//1168 1380//1169 1379//1167 
f 1272//1165 1378//1166 1377//1164 
f 1209//1162 1376//1163 1375//1161 
f 1185//1159 1374//1160 1373//1158 
f 1187//1155 1372//1157 1370//1154 
f 1368//1150 1371//1156 1186//1151 
f 1366//1146 1369//1153 1210//1147 
f 1364//1142 1367//1149 1212//1143 
f 1362//1138 1365//1145 1214//1139 
f 1360//1134 1363//1141 1216//1135 
f 1358//1130 1361//1137 1235//1131 
f 1356//1126 1359//1133 1279//1127 
f 1354//1122 1357//1129 1294//1123 
f 1353//1120 1355//1125 1281//1121 
f 1351//1117 1352//1118 1283//1118 
f 1349//1114 1350//1115 1273//1115 
f 1346//1108 1348//1113 1250//1109 
f 1344//1104 1347//1111 1252//1105 
f 1342//1100 1345//1107 1254//1101 
f 1341//1097 1343//1103 1256//1098 
f 1219//1095 1340//1096 1339//1094 
f 1221//1092 1338//1093 1337//1091 
f 1238//1089 1336//1090 1335//1088 
f 1297//1086 1334//1087 1333//1085 
f 1298//1083 1332//1084 1331//1082 
f 1306//1080 1330//1081 1329//1079 
f 1302//1075 1328//1078 1326//1074 
f 1325//1072 1327//1077 1307//1073 
f 1323//1069 1324//1070 1310//1070 
f 1321//1066 1322//1067 1312//1067 
f 1309//1064 1320//1065 1319//1063 
f 1304//1061 1318//1062 1317//1060 
f 1303//1059 1300//1189 1315//1058 
o mesh11
f 185//1190 1299//1191 1394//1191 
f 1285//1192 1395//1192 1396//1193 
f 1394//1191 1299//1191 1286//1194 
f 1286//1194 1396//1193 1394//1191 
f 1260//1195 1397//1195 1398//1196 
f 1395//1192 1285//1192 1261//1197 
f 1261//1197 1398//1196 1395//1192 
f 1397//1195 1260//1195 1263//1198 
f 1263//1198 1399//1199 1397//1195 
f 1400//1200 1262//1199 1240//1201 
f 1240//1201 1401//1202 1400//1200 
f 1400//1200 1399//1199 1262//1199 
f 1402//1203 1239//1202 1242//1204 
f 1242//1204 1403//1205 1402//1203 
f 1402//1203 1401//1202 1239//1202 
f 1189//1206 1404//1206 1405//1207 
f 1406//1208 1241//1209 1190//1210 
f 1190//1210 1405//1207 1406//1208 
f 1406//1208 1403//1205 1241//1209 
f 1191//1211 1407//1211 1408//1212 
f 1404//1206 1189//1206 1192//1213 
f 1192//1213 1408//1212 1404//1206 
f 1222//1214 1409//1214 1410//1215 
f 1407//1211 1191//1211 1223//1216 
f 1223//1216 1410//1215 1407//1211 
f 1224//1217 1411//1217 1412//1218 
f 1409//1214 1222//1214 1225//1219 
f 1225//1219 1412//1218 1409//1214 
f 1193//1220 1413//1220 1414//1221 
f 1411//1217 1224//1217 1194//1222 
f 1194//1222 1414//1221 1411//1217 
f 1195//1223 1415//1223 1416//1224 
f 1413//1220 1193//1220 1196//1225 
f 1196//1225 1416//1224 1413//1220 
f 1287//1226 1417//1226 1418//1227 
f 1415//1223 1195//1223 1288//1228 
f 1288//1228 1418//1227 1415//1223 
f 1290//1229 1419//1230 1420//1231 
f 1420//1231 1287//1226 1290//1229 
f 1420//1231 1417//1226 1287//1226 
f 1276//1232 1421//1233 1422//1234 
f 1422//1234 1289//1235 1276//1232 
f 1422//1234 1419//1230 1289//1235 
f 1278//1236 1423//1237 1424//1238 
f 1424//1238 1275//1239 1278//1236 
f 1424//1238 1421//1233 1275//1239 
f 1292//1240 1425//1241 1426//1242 
f 1426//1242 1277//1243 1292//1240 
f 1426//1242 1423//1237 1277//1243 
f 1427//1244 1291//1245 1293//1246 
f 1293//1246 1428//1247 1427//1244 
f 1427//1244 1425//1241 1291//1245 
f 1429//1248 1183//1247 1228//1249 
f 1228//1249 1430//1250 1429//1248 
f 1429//1248 1428//1247 1183//1247 
f 1431//1251 1227//1250 1230//1252 
f 1230//1252 1432//1253 1431//1251 
f 1431//1251 1430//1250 1227//1250 
f 1244//1254 1433//1255 1434//1256 
f 1434//1256 1229//1257 1244//1254 
f 1434//1256 1432//1253 1229//1257 
f 1264//1258 1435//1259 1436//1260 
f 1436//1260 1243//1261 1264//1258 
f 1436//1260 1433//1255 1243//1261 
f 1232//1262 1437//1263 1438//1264 
f 1438//1264 1203//1265 1232//1262 
f 1438//1264 1435//1259 1203//1265 
f 1198//1266 1439//1267 1440//1268 
f 1440//1268 1231//1269 1198//1266 
f 1440//1268 1437//1263 1231//1269 
f 1199//1270 1441//1271 1442//1272 
f 1442//1272 1197//1273 1199//1270 
f 1442//1272 1439//1267 1197//1273 
f 1164//1274 1443//1275 1444//1276 
f 1444//1276 1172//1277 1164//1274 
f 1444//1276 1441//1271 1172//1277 
f 1166//1278 1445//1279 1446//1280 
f 1446//1280 1163//1281 1166//1278 
f 1446//1280 1443//1275 1163//1281 
f 1169//1282 1447//1283 1448//1284 
f 1448//1284 1165//1285 1169//1282 
f 1448//1284 1445//1279 1165//1285 
f 1168//1286 1449//1286 1450//1287 
f 1447//1283 1167//1288 1200//1289 
f 1200//1289 1450//1287 1447//1283 
f 1161//1290 1451//1290 1452//1291 
f 1449//1286 1168//1286 1170//1292 
f 1170//1292 1452//1291 1449//1286 
f 1159//1293 1453//1293 1454//1294 
f 1451//1290 1161//1290 1160//1295 
f 1160//1295 1454//1294 1451//1290 
f 1162//1296 1455//1296 1456//1297 
f 1453//1293 1159//1293 1171//1298 
f 1171//1298 1456//1297 1453//1293 
f 1173//1299 1457//1299 1458//1300 
f 1455//1296 1162//1296 1174//1301 
f 1174//1301 1458//1300 1455//1296 
f 1175//1302 1459//1302 1460//1303 
f 1457//1299 1173//1299 1176//1304 
f 1176//1304 1460//1303 1457//1299 
f 1177//1305 1461//1305 1462//1306 
f 1459//1302 1175//1302 1178//1307 
f 1178//1307 1462//1306 1459//1302 
f 1201//1308 1463//1308 1464//1309 
f 1461//1305 1177//1305 1202//1310 
f 1202//1310 1464//1309 1461//1305 
f 1179//1311 1465//1311 1466//1312 
f 1463//1308 1201//1308 1180//1313 
f 1180//1313 1466//1312 1463//1308 
f 1181//1314 1467//1314 1468//1315 
f 1465//1311 1179//1311 1182//1316 
f 1182//1316 1468//1315 1465//1311 
f 1204//1317 1469//1317 1470//1318 
f 1467//1314 1181//1314 1205//1319 
f 1205//1319 1470//1318 1467//1314 
f 1393//1320 1469//1317 1204//1317 
f 1204//1317 1207//1320 1393//1320 
f 1470//1318 1205//1319 1204//1317 
f 1468//1315 1182//1316 1181//1314 
f 1466//1312 1180//1313 1179//1311 
f 1464//1309 1202//1310 1201//1308 
f 1462//1306 1178//1307 1177//1305 
f 1460//1303 1176//1304 1175//1302 
f 1458//1300 1174//1301 1173//1299 
f 1456//1297 1171//1298 1162//1296 
f 1454//1294 1160//1295 1159//1293 
f 1452//1291 1170//1292 1161//1290 
f 1450//1287 1200//1289 1168//1286 
f 1169//1282 1167//1288 1447//1283 
f 1166//1278 1165//1285 1445//1279 
f 1164//1274 1163//1281 1443//1275 
f 1199//1270 1172//1277 1441//1271 
f 1198//1266 1197//1273 1439//1267 
f 1232//1262 1231//1269 1437//1263 
f 1264//1258 1203//1265 1435//1259 
f 1244//1254 1243//1261 1433//1255 
f 1230//1252 1229//1257 1432//1253 
f 1228//1249 1227//1250 1430//1250 
f 1293//1246 1183//1247 1428//1247 
f 1292//1240 1291//1245 1425//1241 
f 1278//1236 1277//1243 1423//1237 
f 1276//1232 1275//1239 1421//1233 
f 1290//1229 1289//1235 1419//1230 
f 1418//1227 1288//1228 1287//1226 
f 1416//1224 1196//1225 1195//1223 
f 1414//1221 1194//1222 1193//1220 
f 1412//1218 1225//1219 1224//1217 
f 1410//1215 1223//1216 1222//1214 
f 1408//1212 1192//1213 1191//1211 
f 1405//1207 1190//1210 1189//1206 
f 1242//1204 1241//1209 1403//1205 
f 1240//1201 1239//1202 1401//1202 
f 1263//1198 1262//1199 1399//1199 
f 1398//1196 1261//1197 1260//1195 
f 1396//1193 1286//1194 1285//1192 
f 1394//1191 186//1321 185//1190 
o mesh12
f 1387//1322 1388//1322 1385//1322 
f 1383//1322 1389//1322 1390//1322 
f 1383//1322 1391//1322 1392//1322 
f 1461//1322 1373//1322 1374//1322 
f 1461//1322 1375//1322 1376//1322 
f 1385//1322 1383//1322 1387//1322 
f 1392//1322 1389//1322 1383//1322 
f 1383//1322 1469//1322 1393//1322 
f 1383//1322 1467//1322 1470//1322 
f 1461//1322 1371//1322 1368//1322 
f 1461//1322 1370//1322 1372//1322 
f 1376//1322 1373//1322 1461//1322 
f 1461//1322 1377//1322 1378//1322 
f 1461//1322 1381//1322 1382//1322 
f 1461//1322 1383//1322 1384//1322 
f 1390//1322 1387//1322 1383//1322 
f 1470//1322 1469//1322 1383//1322 
f 1383//1322 1465//1322 1468//1322 
f 1383//1322 1463//1322 1466//1322 
f 1372//1322 1371//1322 1461//1322 
f 1378//1322 1375//1322 1461//1322 
f 1461//1322 1379//1322 1380//1322 
f 1384//1322 1381//1322 1461//1322 
f 1393//1322 1391//1322 1383//1322 
f 1466//1322 1465//1322 1383//1322 
f 1404//1322 1339//1322 1340//1322 
f 1404//1322 1343//1322 1341//1322 
f 1404//1322 1345//1322 1342//1322 
f 1404//1322 1347//1322 1344//1322 
f 1461//1322 1363//1322 1360//1322 
f 1461//1322 1365//1322 1362//1322 
f 1461//1322 1367//1322 1364//1322 
f 1461//1322 1369//1322 1366//1322 
f 1374//1322 1370//1322 1461//1322 
f 1382//1322 1379//1322 1461//1322 
f 1468//1322 1467//1322 1383//1322 
f 1383//1322 1461//1322 1464//1322 
f 321//1322 241//1322 245//1322 
f 321//1322 237//1322 242//1322 
f 1404//1322 1327//1322 1325//1322 
f 1404//1322 1326//1322 1328//1322 
f 1404//1322 1335//1322 1336//1322 
f 1404//1322 1337//1322 1338//1322 
f 1341//1322 1339//1322 1404//1322 
f 1344//1322 1345//1322 1404//1322 
f 1461//1322 1357//1322 1354//1322 
f 1461//1322 1359//1322 1356//1322 
f 1362//1322 1363//1322 1461//1322 
f 1366//1322 1367//1322 1461//1322 
f 1380//1322 1377//1322 1461//1322 
f 1464//1322 1463//1322 1383//1322 
f 1355//1322 1457//1322 1460//1322 
f 1355//1322 1455//1322 1458//1322 
f 1352//1322 1437//1322 1440//1322 
f 1352//1322 1435//1322 1438//1322 
f 137//1322 711//1322 713//1322 
f 266//1322 313//1322 318//1322 
f 266//1322 309//1322 314//1322 
f 266//1322 305//1322 310//1322 
f 266//1322 300//1322 306//1322 
f 272//1322 292//1322 297//1322 
f 272//1322 288//1322 293//1322 
f 272//1322 280//1322 285//1322 
f 280//1322 272//1322 276//1322 
f 242//1322 241//1322 321//1322 
f 321//1322 233//1322 238//1322 
f 321//1322 229//1322 234//1322 
f 321//1322 225//1322 230//1322 
f 501//1322 362//1322 359//1322 
f 501//1322 365//1322 370//1322 
f 501//1322 379//1322 382//1322 
f 501//1322 433//1322 425//1322 
f 1404//1322 1324//1322 1323//1322 
f 1328//1322 1327//1322 1404//1322 
f 1404//1322 1331//1322 1332//1322 
f 1404//1322 1333//1322 1334//1322 
f 1338//1322 1335//1322 1404//1322 
f 1342//1322 1343//1322 1404//1322 
f 1356//1322 1357//1322 1461//1322 
f 1461//1322 1361//1322 1358//1322 
f 1364//1322 1365//1322 1461//1322 
f 1385//1322 1386//1322 1383//1322 
f 1355//1322 1459//1322 1462//1322 
f 1458//1322 1457//1322 1355//1322 
f 1355//1322 1453//1322 1456//1322 
f 1355//1322 1451//1322 1454//1322 
f 1438//1322 1437//1322 1352//1322 
f 1352//1322 1433//1322 1436//1322 
f 1352//1322 1423//1322 1426//1322 
f 1352//1322 1421//1322 1424//1322 
f 1352//1322 1413//1322 1416//1322 
f 1352//1322 1411//1322 1414//1322 
f 137//1322 692//1322 695//1322 
f 137//1322 708//1322 711//1322 
f 137//1322 714//1322 717//1322 
f 137//1322 721//1322 723//1322 
f 314//1322 313//1322 266//1322 
f 306//1322 305//1322 266//1322 
f 293//1322 292//1322 272//1322 
f 272//1322 284//1322 289//1322 
f 276//1322 281//1322 280//1322 
f 238//1322 237//1322 321//1322 
f 230//1322 229//1322 321//1322 
f 501//1322 193//1322 198//1322 
f 501//1322 191//1322 194//1322 
f 501//1322 351//1322 354//1322 
f 501//1322 369//1322 362//1322 
f 501//1322 371//1322 365//1322 
f 501//1322 383//1322 379//1322 
f 425//1322 420//1322 501//1322 
f 425//1322 433//1322 429//1322 
f 501//1322 445//1322 437//1322 
f 479//1322 482//1322 475//1322 
f 1404//1322 1317//1322 1318//1322 
f 1325//1322 1324//1322 1404//1322 
f 1404//1322 1329//1322 1330//1322 
f 1334//1322 1331//1322 1404//1322 
f 1340//1322 1337//1322 1404//1322 
f 1358//1322 1359//1322 1461//1322 
f 1368//1322 1369//1322 1461//1322 
f 1460//1322 1459//1322 1355//1322 
f 1454//1322 1453//1322 1355//1322 
f 1352//1322 1445//1322 1448//1322 
f 1352//1322 1443//1322 1446//1322 
f 1352//1322 1441//1322 1444//1322 
f 1352//1322 1439//1322 1442//1322 
f 1436//1322 1435//1322 1352//1322 
f 1352//1322 1432//1322 1434//1322 
f 1352//1322 1430//1322 1431//1322 
f 1352//1322 1428//1322 1429//1322 
f 1424//1322 1423//1322 1352//1322 
f 1352//1322 1419//1322 1422//1322 
f 1352//1322 1417//1322 1420//1322 
f 1352//1322 1415//1322 1418//1322 
f 1414//1322 1413//1322 1352//1322 
f 1352//1322 1409//1322 1412//1322 
f 1352//1322 1407//1322 1410//1322 
f 1352//1322 1404//1322 1408//1322 
f 137//1322 701//1322 692//1322 
f 137//1322 696//1322 699//1322 
f 137//1322 705//1322 707//1322 
f 717//1322 708//1322 137//1322 
f 137//1322 718//1322 721//1322 
f 137//1322 724//1322 727//1322 
f 310//1322 309//1322 266//1322 
f 266//1322 296//1322 301//1322 
f 289//1322 288//1322 272//1322 
f 272//1322 277//1322 276//1322 
f 296//1322 268//1322 273//1322 
f 296//1322 266//1322 269//1322 
f 321//1322 252//1322 255//1322 
f 321//1322 248//1322 253//1322 
f 321//1322 244//1322 249//1322 
f 234//1322 233//1322 321//1322 
f 194//1322 193//1322 501//1322 
f 501//1322 345//1322 344//1322 
f 501//1322 347//1322 350//1322 
f 501//1322 358//1322 351//1322 
f 369//1322 363//1322 362//1322 
f 371//1322 374//1322 365//1322 
f 501//1322 375//1322 378//1322 
f 383//1322 386//1322 379//1322 
f 501//1322 411//1322 406//1322 
f 501//1322 419//1322 416//1322 
f 429//1322 422//1322 425//1322 
f 437//1322 430//1322 501//1322 
f 437//1322 445//1322 441//1322 
f 467//1322 479//1322 471//1322 
f 475//1322 471//1322 479//1322 
f 467//1322 483//1322 486//1322 
f 467//1322 487//1322 490//1322 
f 1318//1322 1316//1322 1404//1322 
f 1404//1322 1319//1322 1320//1322 
f 1330//1322 1326//1322 1404//1322 
f 1336//1322 1333//1322 1404//1322 
f 1360//1322 1361//1322 1461//1322 
f 1456//1322 1455//1322 1355//1322 
f 1352//1322 1449//1322 1452//1322 
f 1352//1322 1447//1322 1450//1322 
f 1446//1322 1445//1322 1352//1322 
f 1442//1322 1441//1322 1352//1322 
f 1434//1322 1433//1322 1352//1322 
f 1429//1322 1430//1322 1352//1322 
f 1422//1322 1421//1322 1352//1322 
f 1418//1322 1417//1322 1352//1322 
f 1412//1322 1411//1322 1352//1322 
f 1408//1322 1407//1322 1352//1322 
f 43//1322 959//1322 958//1322 
f 137//1322 678//1322 670//1322 
f 137//1322 683//1322 685//1322 
f 699//1322 701//1322 137//1322 
f 137//1322 702//1322 705//1322 
f 723//1322 714//1322 137//1322 
f 727//1322 729//1322 137//1322 
f 1471//1322 735//1322 736//1322 
f 1471//1322 741//1322 742//1322 
f 141//1322 642//1322 647//1322 
f 266//1322 317//1322 322//1322 
f 301//1322 300//1322 266//1322 
f 285//1322 284//1322 272//1322 
f 269//1322 268//1322 296//1322 
f 321//1322 262//1322 263//1322 
f 321//1322 258//1322 259//1322 
f 253//1322 252//1322 321//1322 
f 245//1322 244//1322 321//1322 
f 501//1322 209//1322 212//1322 
f 344//1322 191//1322 501//1322 
f 354//1322 347//1322 501//1322 
f 370//1322 369//1322 501//1322 
f 382//1322 375//1322 501//1322 
f 501//1322 387//1322 390//1322 
f 501//1322 415//1322 411//1322 
f 420//1322 419//1322 501//1322 
f 441//1322 434//1322 437//1322 
f 501//1322 454//1322 449//1322 
f 501//1322 459//1322 462//1322 
f 475//1322 478//1322 471//1322 
f 490//1322 483//1322 467//1322 
f 1320//1322 1317//1322 1404//1322 
f 1404//1322 1322//1322 1321//1322 
f 1332//1322 1329//1322 1404//1322 
f 1404//1322 1348//1322 1346//1322 
f 1451//1322 1355//1322 1353//1322 
f 1462//1322 1461//1322 1355//1322 
f 1450//1322 1449//1322 1352//1322 
f 1444//1322 1443//1322 1352//1322 
f 1431//1322 1432//1322 1352//1322 
f 1352//1322 1425//1322 1427//1322 
f 1420//1322 1419//1322 1352//1322 
f 1410//1322 1409//1322 1352//1322 
f 37//1322 936//1322 934//1322 
f 39//1322 37//1322 933//1322 
f 43//1322 951//1322 959//1322 
f 137//1322 663//1322 668//1322 
f 670//1322 673//1322 137//1322 
f 137//1322 674//1322 679//1322 
f 137//1322 680//1322 683//1322 
f 707//1322 696//1322 137//1322 
f 729//1322 718//1322 137//1322 
f 137//1322 1471//1322 738//1322 
f 1471//1322 744//1322 735//1322 
f 1471//1322 750//1322 741//1322 
f 1471//1322 745//1322 748//1322 
f 1471//1322 757//1322 758//1322 
f 1471//1322 762//1322 761//1322 
f 141//1322 636//1322 641//1322 
f 647//1322 646//1322 141//1322 
f 145//1322 626//1322 631//1322 
f 225//1322 329//1322 334//1322 
f 225//1322 325//1322 330//1322 
f 318//1322 317//1322 266//1322 
f 273//1322 272//1322 296//1322 
f 259//1322 262//1322 321//1322 
f 249//1322 248//1322 321//1322 
f 501//1322 206//1322 209//1322 
f 350//1322 345//1322 501//1322 
f 378//1322 371//1322 501//1322 
f 501//1322 391//1322 387//1322 
f 501//1322 409//1322 402//1322 
f 415//1322 412//1322 411//1322 
f 433//1322 426//1322 429//1322 
f 445//1322 438//1322 441//1322 
f 449//1322 442//1322 501//1322 
f 454//1322 453//1322 446//1322 
f 453//1322 454//1322 457//1322 
f 501//1322 467//1322 459//1322 
f 459//1322 467//1322 463//1322 
f 486//1322 479//1322 467//1322 
f 467//1322 491//1322 494//1322 
f 467//1322 495//1322 498//1322 
f 467//1322 501//1322 500//1322 
f 1321//1322 1319//1322 1404//1322 
f 1346//1322 1347//1322 1404//1322 
f 1404//1322 1350//1322 1349//1322 
f 1404//1322 1352//1322 1351//1322 
f 1354//1322 1355//1322 1461//1322 
f 1448//1322 1447//1322 1352//1322 
f 1427//1322 1428//1322 1352//1322 
f 1416//1322 1415//1322 1352//1322 
f 1315//1322 1395//1322 1398//1322 
f 23//1322 886//1322 884//1322 
f 37//1322 927//1322 936//1322 
f 37//1322 35//1322 928//1322 
f 39//1322 939//1322 946//1322 
f 933//1322 940//1322 39//1322 
f 41//1322 944//1322 953//1322 
f 41//1322 39//1322 945//1322 
f 958//1322 957//1322 43//1322 
f 43//1322 41//1322 952//1322 
f 59//1322 1027//1322 1036//1322 
f 1089//1322 1086//1322 1472//1322 
f 69//1322 1079//1322 1077//1322 
f 1473//1322 1135//1322 1143//1322 
f 673//1322 663//1322 137//1322 
f 685//1322 674//1322 137//1322 
f 137//1322 689//1322 691//1322 
f 713//1322 702//1322 137//1322 
f 738//1322 732//1322 137//1322 
f 742//1322 744//1322 1471//1322 
f 1471//1322 754//1322 745//1322 
f 1471//1322 766//1322 757//1322 
f 1471//1322 770//1322 762//1322 
f 646//1322 636//1322 141//1322 
f 143//1322 632//1322 635//1322 
f 143//1322 641//1322 640//1322 
f 145//1322 620//1322 625//1322 
f 631//1322 630//1322 145//1322 
f 330//1322 329//1322 225//1322 
f 225//1322 321//1322 326//1322 
f 297//1322 296//1322 272//1322 
f 255//1322 258//1322 321//1322 
f 501//1322 205//1322 206//1322 
f 358//1322 355//1322 351//1322 
f 390//1322 383//1322 501//1322 
f 501//1322 401//1322 395//1322 
f 406//1322 409//1322 501//1322 
f 430//1322 433//1322 501//1322 
f 446//1322 449//1322 454//1322 
f 454//1322 458//1322 457//1322 
f 463//1322 466//1322 459//1322 
f 494//1322 487//1322 467//1322 
f 500//1322 495//1322 467//1322 
f 1323//1322 1322//1322 1404//1322 
f 1351//1322 1350//1322 1404//1322 
f 1452//1322 1451//1322 1352//1322 
f 1426//1322 1425//1322 1352//1322 
f 1315//1322 1406//1322 1405//1322 
f 1398//1322 1397//1322 1315//1322 
f 1315//1322 1394//1322 1396//1322 
f 3//1322 186//1322 1315//1322 
f 19//1322 17//1322 868//1322 
f 23//1322 877//1322 886//1322 
f 23//1322 21//1322 878//1322 
f 25//1322 890//1322 889//1322 
f 25//1322 23//1322 883//1322 
f 27//1322 25//1322 893//1322 
f 31//1322 912//1322 911//1322 
f 33//1322 31//1322 915//1322 
f 35//1322 33//1322 924//1322 
f 928//1322 927//1322 37//1322 
f 940//1322 939//1322 39//1322 
f 945//1322 944//1322 41//1322 
f 952//1322 951//1322 43//1322 
f 47//1322 975//1322 974//1322 
f 49//1322 47//1322 981//1322 
f 51//1322 992//1322 991//1322 
f 51//1322 49//1322 985//1322 
f 1036//1322 61//1322 59//1322 
f 1472//1322 1085//1322 1095//1322 
f 69//1322 1081//1322 1089//1322 
f 69//1322 1076//1322 1082//1322 
f 69//1322 1069//1322 1079//1322 
f 69//1322 1063//1322 1073//1322 
f 67//1322 1067//1322 1064//1322 
f 1143//1322 1141//1322 1473//1322 
f 1473//1322 1132//1322 1138//1322 
f 1473//1322 1123//1322 1134//1322 
f 679//1322 678//1322 137//1322 
f 137//1322 686//1322 689//1322 
f 732//1322 724//1322 137//1322 
f 748//1322 750//1322 1471//1322 
f 761//1322 766//1322 1471//1322 
f 770//1322 1471//1322 1473//1322 
f 139//1322 653//1322 652//1322 
f 141//1322 652//1322 642//1322 
f 640//1322 632//1322 143//1322 
f 630//1322 620//1322 145//1322 
f 225//1322 337//1322 342//1322 
f 225//1322 333//1322 338//1322 
f 326//1322 325//1322 225//1322 
f 263//1322 266//1322 321//1322 
f 501//1322 211//1322 218//1322 
f 212//1322 211//1322 501//1322 
f 359//1322 358//1322 501//1322 
f 501//1322 405//1322 401//1322 
f 416//1322 415//1322 501//1322 
f 457//1322 450//1322 453//1322 
f 467//1322 470//1322 463//1322 
f 498//1322 491//1322 467//1322 
f 1471//1322 107//1322 105//1322 
f 1471//1322 115//1322 113//1322 
f 1349//1322 1348//1322 1404//1322 
f 1440//1322 1439//1322 1352//1322 
f 1315//1322 1403//1322 1406//1322 
f 1315//1322 1401//1322 1402//1322 
f 1396//1322 1395//1322 1315//1322 
f 1315//1322 832//1322 3//1322 
f 11//1322 850//1322 847//1322 
f 9//1322 844//1322 850//1322 
f 13//1322 855//1322 854//1322 
f 13//1322 11//1322 848//1322 
f 15//1322 13//1322 851//1322 
f 17//1322 15//1322 862//1322 
f 868//1322 867//1322 19//1322 
f 21//1322 873//1322 880//1322 
f 21//1322 19//1322 876//1322 
f 878//1322 877//1322 23//1322 
f 883//1322 890//1322 25//1322 
f 27//1322 895//1322 902//1322 
f 893//1322 896//1322 27//1322 
f 31//1322 905//1322 912//1322 
f 31//1322 29//1322 906//1322 
f 915//1322 918//1322 33//1322 
f 35//1322 921//1322 930//1322 
f 924//1322 922//1322 35//1322 
f 946//1322 945//1322 39//1322 
f 957//1322 964//1322 43//1322 
f 47//1322 967//1322 975//1322 
f 47//1322 45//1322 968//1322 
f 49//1322 979//1322 986//1322 
f 981//1322 980//1322 49//1322 
f 985//1322 992//1322 51//1322 
f 53//1322 51//1322 996//1322 
f 55//1322 53//1322 1001//1322 
f 57//1322 1011//1322 1020//1322 
f 57//1322 1017//1322 1024//1322 
f 1036//1322 1034//1322 61//1322 
f 61//1322 1042//1322 1040//1322 
f 63//1322 1052//1322 1050//1322 
f 1095//1322 1093//1322 1472//1322 
f 1472//1322 69//1322 1089//1322 
f 1077//1322 1076//1322 69//1322 
f 1073//1322 1070//1322 69//1322 
f 67//1322 1060//1322 1067//1322 
f 1473//1322 807//1322 806//1322 
f 1473//1322 1156//1322 826//1322 
f 1138//1322 1135//1322 1473//1322 
f 1134//1322 1131//1322 1473//1322 
f 1473//1322 1119//1322 1127//1322 
f 691//1322 680//1322 137//1322 
f 736//1322 738//1322 1471//1322 
f 1471//1322 760//1322 753//1322 
f 1473//1322 769//1322 770//1322 
f 137//1322 659//1322 654//1322 
f 137//1322 669//1322 660//1322 
f 139//1322 648//1322 653//1322 
f 139//1322 654//1322 657//1322 
f 635//1322 145//1322 143//1322 
f 145//1322 635//1322 626//1322 
f 149//1322 611//1322 612//1322 
f 151//1322 612//1322 605//1322 
f 161//1322 567//1322 568//1322 
f 163//1322 568//1322 562//1322 
f 167//1322 552//1322 545//1322 
f 167//1322 549//1322 551//1322 
f 169//1322 540//1322 539//1322 
f 169//1322 545//1322 544//1322 
f 171//1322 534//1322 533//1322 
f 175//1322 173//1322 529//1322 
f 173//1322 536//1322 528//1322 
f 175//1322 523//1322 522//1322 
f 179//1322 512//1322 511//1322 
f 501//1322 225//1322 187//1322 
f 338//1322 337//1322 225//1322 
f 322//1322 321//1322 266//1322 
f 501//1322 217//1322 222//1322 
f 209//1322 213//1322 212//1322 
f 391//1322 394//1322 387//1322 
f 405//1322 398//1322 401//1322 
f 442//1322 445//1322 501//1322 
f 471//1322 474//1322 467//1322 
f 1472//1322 91//1322 89//1322 
f 1471//1322 101//1322 99//1322 
f 105//1322 103//1322 1471//1322 
f 1471//1322 111//1322 109//1322 
f 1471//1322 117//1322 115//1322 
f 1353//1322 1352//1322 1451//1322 
f 1402//1322 1403//1322 1315//1322 
f 1315//1322 1399//1322 1400//1322 
f 186//1322 1394//1322 1315//1322 
f 850//1322 11//1322 9//1322 
f 848//1322 855//1322 13//1322 
f 851//1322 857//1322 15//1322 
f 862//1322 861//1322 17//1322 
f 867//1322 871//1322 19//1322 
f 876//1322 873//1322 21//1322 
f 889//1322 893//1322 25//1322 
f 896//1322 895//1322 27//1322 
f 29//1322 899//1322 908//1322 
f 29//1322 27//1322 900//1322 
f 906//1322 905//1322 31//1322 
f 918//1322 917//1322 33//1322 
f 922//1322 921//1322 35//1322 
f 953//1322 952//1322 41//1322 
f 45//1322 963//1322 969//1322 
f 45//1322 43//1322 964//1322 
f 968//1322 967//1322 47//1322 
f 980//1322 979//1322 49//1322 
f 991//1322 988//1322 51//1322 
f 53//1322 994//1322 1002//1322 
f 996//1322 995//1322 53//1322 
f 1001//1322 1007//1322 55//1322 
f 1020//1322 1018//1322 57//1322 
f 57//1322 55//1322 1012//1322 
f 59//1322 1023//1322 1030//1322 
f 1024//1322 59//1322 57//1322 
f 1034//1322 1033//1322 61//1322 
f 63//1322 1039//1322 1046//1322 
f 1040//1322 63//1322 61//1322 
f 63//1322 1045//1322 1052//1322 
f 67//1322 65//1322 1055//1322 
f 1472//1322 1094//1322 1098//1322 
f 1086//1322 1085//1322 1472//1322 
f 1070//1322 1069//1322 69//1322 
f 1064//1322 69//1322 67//1322 
f 1473//1322 773//1322 774//1322 
f 1473//1322 791//1322 790//1322 
f 1473//1322 795//1322 796//1322 
f 1473//1322 800//1322 799//1322 
f 1473//1322 814//1322 807//1322 
f 1473//1322 810//1322 809//1322 
f 1473//1322 823//1322 822//1322 
f 826//1322 825//1322 1473//1322 
f 1473//1322 1151//1322 1157//1322 
f 1473//1322 1142//1322 1150//1322 
f 1131//1322 1132//1322 1473//1322 
f 1127//1322 1124//1322 1473//1322 
f 1474//1322 1114//1322 1122//1322 
f 1474//1322 1118//1322 1115//1322 
f 1474//1322 1101//1322 1111//1322 
f 1474//1322 1097//1322 1105//1322 
f 695//1322 686//1322 137//1322 
f 758//1322 760//1322 1471//1322 
f 660//1322 659//1322 137//1322 
f 657//1322 648//1322 139//1322 
f 625//1322 147//1322 145//1322 
f 147//1322 613//1322 618//1322 
f 147//1322 625//1322 624//1322 
f 149//1322 619//1322 611//1322 
f 149//1322 618//1322 617//1322 
f 151//1322 608//1322 599//1322 
f 605//1322 607//1322 151//1322 
f 153//1322 593//1322 595//1322 
f 155//1322 596//1322 589//1322 
f 159//1322 571//1322 573//1322 
f 161//1322 574//1322 567//1322 
f 163//1322 564//1322 555//1322 
f 562//1322 561//1322 163//1322 
f 165//1322 558//1322 549//1322 
f 165//1322 555//1322 557//1322 
f 551//1322 552//1322 167//1322 
f 544//1322 540//1322 169//1322 
f 171//1322 542//1322 534//1322 
f 528//1322 529//1322 173//1322 
f 175//1322 530//1322 523//1322 
f 177//1322 515//1322 519//1322 
f 179//1322 519//1322 512//1322 
f 183//1322 181//1322 507//1322 
f 225//1322 341//1322 187//1322 
f 334//1322 333//1322 225//1322 
f 501//1322 221//1322 226//1322 
f 218//1322 217//1322 501//1322 
f 501//1322 197//1322 201//1322 
f 395//1322 391//1322 501//1322 
f 462//1322 454//1322 501//1322 
f 1472//1322 81//1322 79//1322 
f 1472//1322 87//1322 85//1322 
f 1472//1322 93//1322 91//1322 
f 1471//1322 95//1322 93//1322 
f 103//1322 101//1322 1471//1322 
f 113//1322 111//1322 1471//1322 
f 1405//1322 1404//1322 1315//1322 
f 1397//1322 1399//1322 1315//1322 
f 3//1322 832//1322 831//1322 
f 7//1322 5//1322 836//1322 
f 9//1322 7//1322 839//1322 
f 854//1322 851//1322 13//1322 
f 857//1322 856//1322 15//1322 
f 861//1322 865//1322 17//1322 
f 880//1322 878//1322 21//1322 
f 902//1322 900//1322 27//1322 
f 900//1322 899//1322 29//1322 
f 917//1322 924//1322 33//1322 
f 934//1322 933//1322 37//1322 
f 964//1322 963//1322 45//1322 
f 974//1322 973//1322 47//1322 
f 988//1322 996//1322 51//1322 
f 995//1322 994//1322 53//1322 
f 55//1322 1005//1322 1014//1322 
f 1007//1322 1006//1322 55//1322 
f 1012//1322 1011//1322 57//1322 
f 1024//1322 1023//1322 59//1322 
f 59//1322 1028//1322 1027//1322 
f 1040//1322 1039//1322 63//1322 
f 1050//1322 65//1322 63//1322 
f 1055//1322 1061//1322 67//1322 
f 65//1322 1058//1322 1056//1322 
f 1093//1322 1094//1322 1472//1322 
f 1064//1322 1063//1322 69//1322 
f 1473//1322 782//1322 773//1322 
f 1473//1322 779//1322 780//1322 
f 1473//1322 798//1322 791//1322 
f 1473//1322 803//1322 795//1322 
f 806//1322 800//1322 1473//1322 
f 1473//1322 819//1322 810//1322 
f 1473//1322 829//1322 823//1322 
f 1157//1322 1156//1322 1473//1322 
f 1150//1322 1147//1322 1473//1322 
f 1124//1322 1123//1322 1473//1322 
f 1122//1322 1473//1322 1474//1322 
f 1474//1322 1107//1322 1118//1322 
f 1111//1322 1108//1322 1474//1322 
f 1105//1322 1102//1322 1474//1322 
f 753//1322 754//1322 1471//1322 
f 137//1322 667//1322 669//1322 
f 641//1322 143//1322 141//1322 
f 624//1322 613//1322 147//1322 
f 617//1322 619//1322 149//1322 
f 607//1322 608//1322 151//1322 
f 153//1322 602//1322 593//1322 
f 153//1322 599//1322 601//1322 
f 155//1322 590//1322 584//1322 
f 155//1322 595//1322 596//1322 
f 157//1322 586//1322 577//1322 
f 157//1322 584//1322 583//1322 
f 159//1322 580//1322 571//1322 
f 159//1322 577//1322 579//1322 
f 161//1322 573//1322 574//1322 
f 561//1322 564//1322 163//1322 
f 557//1322 558//1322 165//1322 
f 539//1322 171//1322 169//1322 
f 171//1322 539//1322 542//1322 
f 173//1322 533//1322 536//1322 
f 522//1322 177//1322 175//1322 
f 177//1322 516//1322 515//1322 
f 511//1322 181//1322 179//1322 
f 181//1322 508//1322 507//1322 
f 342//1322 341//1322 225//1322 
f 222//1322 221//1322 501//1322 
f 201//1322 205//1322 501//1322 
f 402//1322 405//1322 501//1322 
f 1472//1322 83//1322 81//1322 
f 89//1322 87//1322 1472//1322 
f 1471//1322 97//1322 95//1322 
f 109//1322 107//1322 1471//1322 
f 1471//1322 127//1322 125//1322 
f 1471//1322 131//1322 129//1322 
f 1400//1322 1401//1322 1315//1322 
f 831//1322 5//1322 3//1322 
f 836//1322 835//1322 7//1322 
f 839//1322 843//1322 9//1322 
f 856//1322 862//1322 15//1322 
f 871//1322 876//1322 19//1322 
f 908//1322 906//1322 29//1322 
f 930//1322 928//1322 35//1322 
f 973//1322 981//1322 47//1322 
f 1002//1322 1001//1322 53//1322 
f 1006//1322 1005//1322 55//1322 
f 1030//1322 1028//1322 59//1322 
f 1046//1322 1045//1322 63//1322 
f 1050//1322 1049//1322 65//1322 
f 1056//1322 1055//1322 65//1322 
f 1082//1322 1081//1322 69//1322 
f 774//1322 776//1322 1473//1322 
f 1473//1322 787//1322 779//1322 
f 796//1322 798//1322 1473//1322 
f 809//1322 814//1322 1473//1322 
f 1473//1322 816//1322 815//1322 
f 825//1322 829//1322 1473//1322 
f 1473//1322 1148//1322 1154//1322 
f 1141//1322 1142//1322 1473//1322 
f 1115//1322 1114//1322 1474//1322 
f 1102//1322 1101//1322 1474//1322 
f 654//1322 139//1322 137//1322 
f 618//1322 149//1322 147//1322 
f 599//1322 153//1322 151//1322 
f 601//1322 602//1322 153//1322 
f 589//1322 590//1322 155//1322 
f 583//1322 586//1322 157//1322 
f 579//1322 580//1322 159//1322 
f 555//1322 165//1322 163//1322 
f 545//1322 169//1322 167//1322 
f 529//1322 530//1322 175//1322 
f 519//1322 179//1322 177//1322 
f 507//1322 510//1322 183//1322 
f 184//1322 183//1322 510//1322 
f 226//1322 225//1322 501//1322 
f 198//1322 197//1322 501//1322 
f 1472//1322 73//1322 71//1322 
f 1472//1322 77//1322 75//1322 
f 85//1322 83//1322 1472//1322 
f 99//1322 97//1322 1471//1322 
f 1471//1322 121//1322 119//1322 
f 125//1322 123//1322 1471//1322 
f 1471//1322 133//1322 131//1322 
f 1471//1322 137//1322 135//1322 
f 831//1322 836//1322 5//1322 
f 843//1322 844//1322 9//1322 
f 865//1322 868//1322 17//1322 
f 911//1322 915//1322 31//1322 
f 986//1322 985//1322 49//1322 
f 1018//1322 1017//1322 57//1322 
f 1049//1322 1058//1322 65//1322 
f 1098//1322 1474//1322 1472//1322 
f 780//1322 782//1322 1473//1322 
f 1473//1322 783//1322 786//1322 
f 799//1322 803//1322 1473//1322 
f 822//1322 816//1322 1473//1322 
f 1147//1322 1148//1322 1473//1322 
f 1108//1322 1107//1322 1474//1322 
f 652//1322 141//1322 139//1322 
f 595//1322 155//1322 153//1322 
f 577//1322 159//1322 157//1322 
f 568//1322 163//1322 161//1322 
f 533//1322 173//1322 171//1322 
f 511//1322 508//1322 181//1322 
f 510//1322 504//1322 184//1322 
f 201//1322 202//1322 205//1322 
f 75//1322 73//1322 1472//1322 
f 93//1322 1472//1322 1471//1322 
f 123//1322 121//1322 1471//1322 
f 135//1322 133//1322 1471//1322 
f 835//1322 839//1322 7//1322 
f 884//1322 883//1322 23//1322 
f 1014//1322 1012//1322 55//1322 
f 1061//1322 1060//1322 67//1322 
f 786//1322 787//1322 1473//1322 
f 815//1322 819//1322 1473//1322 
f 1122//1322 1119//1322 1473//1322 
f 612//1322 151//1322 149//1322 
f 573//1322 161//1322 159//1322 
f 522//1322 516//1322 177//1322 
f 187//1322 184//1322 501//1322 
f 79//1322 77//1322 1472//1322 
f 129//1322 127//1322 1471//1322 
f 847//1322 848//1322 11//1322 
f 1033//1322 1042//1322 61//1322 
f 790//1322 783//1322 1473//1322 
f 1474//1322 1098//1322 1097//1322 
f 584//1322 157//1322 155//1322 
f 504//1322 501//1322 184//1322 
f 119//1322 117//1322 1471//1322 
f 969//1322 968//1322 45//1322 
f 1154//1322 1151//1322 1473//1322 
f 549//1322 167//1322 165//1322 
f 1316//1322 1315//1322 1404//1322 
f 668//1322 667//1322 137//1322 
f 776//1322 769//1322 1473//1322 
f 71//1322 69//1322 1472//1322 
o mesh13
f 1472//1323 1474//1323 1475//1323 
f 1475//1323 1476//1323 1472//1323 
o mesh14
f 1471//1324 1477//1324 1478//1324 
f 1478//1324 1473//1324 1471//1324 
o mesh15
f 1477//1325 1471//1325 1472//1325 
f 1472//1325 1476//1325 1477//1325 
o mesh16
f 1477//1326 1476//1326 1475//1326 
f 1475//1326 1478//1326 1477//1326 
o mesh17
f 1478//1327 1475//1327 1474//1327 
f 1474//1327 1473//1327 1478//1327 
